timestamp,pref,artid,target
2017-11-10T01:36:46Z,n,1375,False
2017-11-25T17:43:45Z,y,518,False
2017-11-25T17:51:38Z,y,518,False
2017-11-25T17:55:41Z,y,1274,False
2017-11-25T17:56:38Z,n,1356,False
2017-11-25T18:00:48Z,n,3057,False
2017-11-25T18:06:14Z,n,10219,False
2017-11-25T18:07:51Z,y,1417,False
2017-11-18T18:40:17Z,y,518,False
2017-11-18T00:09:08Z,y,9688,False
2017-11-18T00:36:39Z,y,56603,False
2017-11-18T00:46:54Z,y,114549,False
2017-12-16T19:08:50Z,y,518,False
2017-10-29T17:43:32Z,y,518,True
2017-10-29T17:55:39Z,y,106354,False
2017-12-16T19:40:24Z,n,518,False
2017-12-16T19:44:15Z,y,120729,False
2017-12-16T19:46:55Z,y,518,False
2017-12-16T19:50:13Z,y,123223,False
2017-12-09T17:44:29Z,y,9688,False
2017-12-09T17:50:10Z,n,518,False
2017-12-09T17:51:48Z,y,59510,True
2017-12-09T17:54:00Z,y,518,False
2017-12-09T17:56:13Z,n,1411,True
2017-12-09T17:58:32Z,y,452,False
2017-12-09T18:00:52Z,n,5995,False
2017-12-09T18:08:13Z,y,518,False
2017-10-26T23:49:40Z,y,518,False
2017-11-03T22:57:38Z,n,9688,False
2017-10-22T19:41:19Z,n,518,False
2017-12-16T18:07:44Z,y,518,False
2017-12-16T18:27:40Z,y,9688,False
2018-03-10T19:14:02Z,n,9688,False
2018-03-10T19:17:39Z,y,98513,False
2018-03-10T19:20:32Z,y,114549,False
2018-03-10T19:29:19Z,y,1227,False
2018-03-10T19:31:57Z,y,44,False
2017-11-05T18:36:41Z,y,2806,False
2017-11-05T18:37:14Z,n,774,False
2017-11-05T18:37:15Z,y,10436,False
2017-11-05T18:37:16Z,y,802,False
2017-11-05T19:05:29Z,n,9688,False
2018-02-24T19:02:19Z,y,9688,False
2018-02-24T19:05:14Z,y,113688,False
2018-02-24T19:13:41Z,n,1978,False
2018-02-24T19:16:12Z,y,6239,False
2018-02-24T19:19:10Z,n,1226,False
2018-02-24T19:22:58Z,y,2507,False
2018-02-24T19:26:28Z,n,136,False
2018-02-24T19:34:50Z,n,1356,False
2018-02-24T19:38:51Z,y,113688,False
2017-11-04T17:38:00Z,y,518,False
2017-11-04T17:46:37Z,n,51935,False
2017-12-22T00:16:14Z,n,22277,False
2017-12-22T00:19:41Z,y,1629,False
2017-12-22T01:11:01Z,n,518,False
2017-12-29T00:08:36Z,y,518,False
2017-12-29T00:11:40Z,n,99623,False
2017-12-29T00:15:38Z,n,9688,False
2017-12-29T00:19:19Z,y,113688,False
2017-12-29T00:21:31Z,y,33040,False
2017-12-29T00:24:24Z,n,99623,False
2017-12-29T00:28:36Z,y,96502,False
2017-12-29T00:34:06Z,y,613,False
2017-12-29T00:43:49Z,y,1375,False
2017-12-29T00:46:45Z,n,19689,False
2017-12-29T00:50:02Z,y,518,False
2017-12-29T00:53:02Z,n,121770,False
2017-12-29T01:19:37Z,n,9688,False
2017-12-29T01:22:47Z,n,123223,False
2017-12-29T01:24:30Z,y,1417,False
2017-12-29T01:46:13Z,y,119495,False
2017-12-29T01:48:28Z,y,116294,False
2018-02-24T19:47:51Z,y,9688,False
2018-02-24T19:51:04Z,n,136,False
2018-02-24T20:14:32Z,y,9688,False
2018-02-24T20:15:25Z,y,518,False
2018-02-24T20:17:03Z,n,106354,False
2018-02-24T20:20:09Z,n,113688,False
2018-02-24T20:23:47Z,n,9688,False
2018-02-24T20:25:55Z,y,427,False
2018-02-24T20:37:43Z,n,3057,False
2018-03-16T00:41:18Z,y,113688,False
2017-10-21T17:26:18Z,n,518,False
2017-11-11T19:00:41Z,n,9688,False
2017-11-11T19:09:44Z,n,120500,False
2017-11-11T19:29:33Z,y,1375,False
2017-11-11T19:31:50Z,y,99623,True
2017-11-11T19:33:39Z,y,56603,True
2017-11-11T19:36:26Z,n,49879,False
2017-11-11T19:38:36Z,y,118808,True
2017-11-11T19:41:01Z,y,120525,False
2017-11-11T19:44:08Z,y,63571,False
2017-11-11T19:50:21Z,y,2507,False
2017-11-11T19:51:05Z,n,113261,True
2017-11-11T19:53:32Z,n,4398,True
2017-11-11T19:57:48Z,n,136,True
2017-11-11T20:04:10Z,y,10593,False
2017-10-28T18:27:30Z,y,518,False
2017-10-28T18:30:13Z,y,613,False
2017-10-28T18:44:17Z,y,56603,False
2017-10-28T18:56:24Z,y,1429,False
2017-11-05T18:42:08Z,n,518,False
2017-10-21T17:25:48Z,n,115966,False
2017-10-21T17:28:08Z,y,109118,False
2018-02-10T19:47:34Z,y,9688,False
2018-02-10T20:15:44Z,y,420,False
2018-02-10T20:18:32Z,y,44,False
2018-02-10T20:20:43Z,y,427,False
2017-11-25T00:53:03Z,y,33040,False
2017-11-25T01:10:23Z,y,111675,False
2017-11-19T19:01:12Z,y,136,False
2018-03-17T18:59:19Z,y,1375,False
2018-03-17T19:09:47Z,y,9688,False
2018-03-17T19:15:00Z,y,1375,False
2018-03-17T19:39:17Z,y,9688,False
2017-11-11T17:12:26Z,y,518,False
2017-11-11T17:15:22Z,y,113688,False
2017-11-11T17:21:22Z,n,1274,False
2017-11-11T17:22:09Z,n,1721,False
2017-11-11T17:22:56Z,y,115752,False
2017-11-11T17:26:54Z,n,136,False
2017-11-11T17:32:08Z,y,98750,False
2017-11-11T17:35:36Z,n,427,False
2017-11-11T17:43:54Z,y,22277,False
2017-11-11T17:49:02Z,y,1375,True
2017-11-05T17:30:12Z,y,518,False
2018-03-10T19:14:00Z,y,9688,False
2018-03-10T19:17:56Z,y,1330,False
2018-03-10T19:19:28Z,y,10219,False
2018-03-10T19:32:03Z,y,120525,False
2017-12-03T17:43:07Z,y,518,False
2017-12-03T17:46:15Z,y,113688,False
2017-12-03T17:59:13Z,y,518,False
2017-12-03T18:02:15Z,y,120500,False
2017-12-03T18:03:08Z,y,13190,False
2017-11-11T16:34:24Z,n,518,False
2018-02-24T20:13:43Z,y,518,False
2018-02-24T20:16:48Z,n,613,False
2018-02-24T20:30:46Z,n,518,False
2017-11-05T18:17:11Z,y,613,False
2017-11-05T18:23:54Z,y,9688,False
2017-11-05T18:30:22Z,y,1727,False
2017-11-05T18:30:28Z,y,1727,False
2017-11-05T18:42:05Z,y,44,False
2017-11-05T18:42:11Z,y,1738,False
2017-11-05T18:46:34Z,y,11956,False
2017-12-30T16:12:03Z,y,518,False
2017-12-30T16:27:56Z,n,518,False
2017-12-30T16:47:26Z,n,518,False
2017-12-30T16:47:58Z,y,9688,False
2017-12-30T16:51:02Z,n,518,False
2017-12-30T16:51:36Z,y,9688,False
2017-12-30T17:02:42Z,n,518,False
2017-12-30T17:51:33Z,y,518,False
2017-12-30T17:59:46Z,y,518,False
2017-12-30T18:13:00Z,n,136,False
2017-12-30T18:15:06Z,y,1487,True
2017-12-30T18:39:31Z,y,518,False
2017-12-30T18:59:19Z,y,4441,False
2017-12-30T19:05:30Z,n,5995,False
2017-12-30T19:08:32Z,n,90349,False
2017-12-30T19:28:08Z,y,518,False
2017-12-30T19:56:11Z,n,9688,False
2017-12-30T19:57:01Z,y,90349,False
2017-12-16T17:32:14Z,y,518,False
2017-12-16T17:54:07Z,n,518,False
2017-12-16T17:57:01Z,n,22277,False
2017-11-05T16:45:50Z,y,518,False
2017-11-05T16:59:42Z,y,9688,False
2017-11-05T17:01:25Z,n,1402,False
2017-11-05T17:09:49Z,y,1727,False
2017-10-21T17:58:50Z,y,518,False
2017-10-21T18:01:20Z,n,106354,False
2017-10-21T18:03:16Z,n,20962,True
2017-10-21T18:06:27Z,y,3057,False
2017-10-21T18:12:51Z,n,1375,False
2017-10-21T18:17:53Z,y,99368,False
2017-10-21T18:21:44Z,n,6239,False
2017-10-21T18:24:02Z,n,1402,False
2017-10-21T18:24:55Z,n,10451,False
2017-10-21T18:27:35Z,y,1520,False
2017-10-21T18:33:46Z,n,136,False
2017-10-21T18:44:00Z,y,1721,False
2017-10-21T18:46:24Z,y,1355,False
2017-10-21T18:47:59Z,n,1427,False
2017-10-21T18:50:02Z,y,13190,False
2017-10-21T19:04:22Z,y,2276,False
2017-10-21T19:07:16Z,y,80860,False
2017-10-21T19:28:25Z,y,1427,False
2017-11-11T18:17:04Z,y,518,False
2017-11-11T18:20:04Z,y,90349,False
2017-11-11T18:23:37Z,y,427,False
2017-11-11T18:28:16Z,n,2035,False
2017-11-11T18:31:07Z,n,10361,False
2017-11-11T18:34:04Z,n,802,False
2017-11-11T18:34:26Z,n,11956,False
2017-10-21T17:16:08Z,y,9688,False
2017-11-04T17:42:44Z,y,518,False
2017-11-04T17:45:39Z,y,22277,False
2017-11-04T17:46:15Z,y,90349,False
2017-11-04T17:48:11Z,y,2730,False
2017-12-03T19:44:52Z,y,9688,False
2017-10-26T23:52:53Z,y,518,False
2017-10-27T00:23:48Z,y,9688,False
2017-10-27T00:26:51Z,n,1226,False
2017-10-27T00:29:51Z,n,1509,False
2017-10-27T00:38:49Z,n,9688,False
2018-01-19T01:42:41Z,y,9688,False
2018-01-19T01:43:04Z,y,9688,False
2017-11-19T20:04:38Z,y,774,False
2017-11-19T20:07:27Z,y,1509,False
2017-11-19T20:09:40Z,y,1417,False
2017-11-19T20:10:32Z,y,2806,False
2017-11-19T20:14:59Z,y,427,False
2017-10-28T00:12:13Z,y,9688,False
2017-10-29T19:05:58Z,n,9688,False
2017-10-29T19:06:48Z,y,3057,False
2017-10-29T19:08:38Z,y,1402,False
2017-10-29T19:14:38Z,y,1429,False
2017-10-29T19:17:06Z,y,6239,True
2017-10-29T19:22:10Z,n,1427,True
2017-10-29T19:24:50Z,y,95926,True
2017-11-05T20:05:04Z,y,9688,False
2017-11-05T20:10:17Z,y,11956,False
2017-11-05T20:12:06Z,y,802,False
2017-11-05T20:18:43Z,y,120500,False
2017-11-05T20:23:26Z,n,106095,False
2017-10-28T00:14:26Z,n,518,True
2017-10-28T00:18:47Z,n,113688,False
2018-02-10T19:35:26Z,y,518,False
2018-02-10T19:41:26Z,y,121719,False
2017-11-18T17:10:52Z,n,106354,False
2017-11-18T17:13:18Z,n,136,False
2017-11-18T17:18:37Z,y,2507,False
2017-11-18T17:19:04Z,y,2507,False
2017-11-18T17:25:27Z,y,2806,False
2018-02-10T19:22:14Z,n,518,False
2018-02-10T19:23:54Z,n,47086,True
2018-02-10T19:27:11Z,y,1509,False
2018-02-10T19:30:14Z,y,6228,False
2018-02-10T19:36:04Z,y,10593,False
2018-02-10T19:38:45Z,y,452,False
2018-02-10T19:44:34Z,n,518,False
2018-02-10T19:47:34Z,y,113688,False
2018-02-10T19:55:50Z,n,121920,False
2018-02-10T19:57:06Z,y,13190,True
2018-02-10T20:03:16Z,y,123223,False
2018-02-10T20:06:13Z,n,1375,False
2018-02-10T20:07:39Z,n,99368,True
2018-02-10T20:10:38Z,y,106354,False
2018-02-10T20:11:18Z,y,109118,True
2017-12-17T19:47:45Z,n,518,False
2017-12-17T19:53:36Z,y,120500,False
2017-12-17T19:56:43Z,n,1226,False
2017-12-17T19:58:12Z,n,80860,False
2017-12-17T19:59:48Z,y,10436,False
2018-02-10T20:38:45Z,n,9688,False
2018-02-10T20:40:06Z,y,113688,False
2018-02-10T20:41:35Z,y,136,False
2018-02-10T20:46:59Z,y,106354,False
2018-02-17T18:51:14Z,y,113688,False
2018-02-17T18:54:12Z,y,1503,False
2018-02-17T18:57:07Z,y,2035,False
2018-02-17T19:10:27Z,y,1427,False
2018-02-17T19:12:29Z,y,33040,False
2018-04-07T18:38:17Z,n,136,False
2018-04-07T18:46:37Z,y,8776,False
2018-04-07T19:06:39Z,y,98274,False
2018-04-07T19:14:51Z,y,2035,False
2018-04-07T19:23:19Z,y,2241,False
2018-04-07T19:37:40Z,y,6228,False
2018-03-10T20:20:15Z,y,9688,False
2018-03-10T20:22:39Z,n,123223,False
2018-03-10T20:25:32Z,n,1375,False
2017-12-03T20:05:10Z,y,518,False
2017-12-03T20:10:48Z,n,123223,False
2017-12-03T20:18:38Z,y,33040,False
2017-12-03T20:37:37Z,n,1330,False
2018-03-09T17:04:57Z,y,113688,False
2018-03-09T17:13:36Z,y,11956,False
2018-03-09T17:18:08Z,y,1520,False
2017-11-24T23:54:20Z,n,9688,False
2017-11-24T23:56:40Z,y,2570,False
2017-11-25T00:02:04Z,n,1417,False
2017-11-25T00:11:00Z,y,22277,False
2017-11-25T00:11:33Z,y,90349,False
2017-11-25T00:14:27Z,y,10361,False
2017-11-25T00:15:46Z,y,1738,False
2017-11-25T00:17:55Z,y,1738,False
2017-11-25T00:20:29Z,y,33040,False
2017-11-25T00:23:06Z,n,5033,False
2017-11-25T00:27:58Z,n,136,False
2017-11-25T00:31:24Z,y,613,False
2017-11-05T20:26:33Z,y,109118,False
2017-11-05T20:29:23Z,n,125771,True
2017-11-05T20:40:23Z,y,518,False
2017-11-05T20:49:32Z,n,9688,False
2017-11-05T20:51:05Z,n,1520,False
2017-11-05T20:56:54Z,n,106095,False
2017-11-05T21:18:32Z,y,1411,False
2017-11-05T21:19:14Z,y,1274,False
2017-11-05T21:19:57Z,y,2241,False
2017-11-05T21:20:46Z,y,1355,False
2017-11-05T21:21:50Z,n,98513,False
2017-11-05T21:23:39Z,y,1721,False
2018-02-24T18:17:31Z,n,4398,False
2018-02-24T18:21:59Z,n,96502,False
2018-02-24T18:24:21Z,y,10436,False
2018-02-24T18:27:50Z,n,1356,True
2018-02-24T18:30:19Z,n,802,False
2018-02-24T18:32:42Z,y,521,False
2018-02-24T18:33:36Z,y,1487,False
2018-02-24T19:11:47Z,y,518,False
2017-12-09T19:02:19Z,y,1487,False
2017-10-28T15:26:43Z,y,1721,False
2017-10-28T15:30:06Z,y,120500,False
2017-10-28T15:32:57Z,y,2276,False
2017-10-28T15:36:30Z,y,2035,False
2017-10-28T15:39:36Z,y,6228,False
2017-10-28T15:43:48Z,y,1375,False
2018-02-10T19:26:28Z,n,518,False
2018-02-10T19:30:01Z,n,1633,False
2018-03-03T19:03:37Z,y,518,False
2018-03-03T19:36:38Z,y,9688,False
2018-03-03T19:52:42Z,n,10219,False
2018-03-03T20:35:09Z,n,518,False
2018-03-15T21:50:21Z,y,2505,False
2018-03-15T21:50:40Z,y,2505,False
2018-03-15T23:11:19Z,y,9688,False
2018-02-24T18:38:46Z,y,518,False
2018-02-24T18:41:37Z,n,1509,False
2018-02-24T18:44:46Z,n,120500,False
2018-02-24T18:45:36Z,n,121719,False
2018-02-24T18:46:09Z,n,121920,False
2018-02-24T18:49:27Z,n,2035,False
2018-02-24T18:53:05Z,y,96502,False
2018-02-24T18:55:51Z,y,420,False
2017-11-11T00:01:10Z,y,1375,False
2017-11-11T00:03:38Z,y,98750,True
2017-10-21T20:00:06Z,y,121770,False
2017-10-21T20:02:12Z,y,10219,False
2017-10-21T20:02:43Z,n,1887,True
2017-10-29T16:57:26Z,y,9688,False
2017-10-29T17:04:50Z,y,518,False
2018-01-14T18:19:39Z,n,3057,False
2018-01-14T18:43:25Z,n,518,False
2018-01-14T19:47:47Z,n,123223,False
2018-01-14T19:51:59Z,n,1330,False
2018-01-14T19:52:55Z,n,1555,False
2018-01-14T19:54:35Z,n,1325,False
2018-01-14T19:55:41Z,n,1274,False
2018-01-14T20:24:27Z,y,13190,False
2018-01-14T20:39:14Z,n,121770,False
2018-01-19T00:50:12Z,n,9688,False
2018-01-19T00:56:00Z,y,136,False
2017-10-24T16:28:58Z,y,123223,False
2017-11-19T18:40:55Z,y,1375,False
2017-12-29T21:44:50Z,y,1227,False
2017-12-29T21:46:37Z,y,1227,False
2017-12-29T21:50:08Z,y,98750,True
2017-12-29T21:53:05Z,y,121920,False
2017-12-29T21:55:28Z,y,10219,False
2017-12-29T22:15:56Z,y,120525,False
2017-12-29T22:17:11Z,y,1629,True
2018-02-16T01:55:58Z,y,518,False
2018-02-16T01:58:27Z,y,613,False
2018-02-16T02:02:01Z,y,22277,False
2018-02-16T02:08:29Z,y,10436,False
2017-11-19T18:41:16Z,y,1375,False
2018-02-21T19:18:55Z,y,518,True
2018-02-21T19:21:49Z,n,121770,False
2018-02-21T19:23:56Z,y,119495,True
2018-02-21T19:33:23Z,y,106095,False
2018-02-21T19:34:02Z,y,1411,True
2018-02-21T19:34:36Z,y,1427,True
2018-02-21T19:40:02Z,y,1427,True
2018-02-21T19:42:55Z,n,113688,True
2018-02-17T18:41:29Z,y,9688,False
2018-02-17T18:55:11Z,y,9688,False
2018-02-17T18:57:16Z,n,9688,False
2018-02-17T18:59:30Z,y,51935,False
2018-02-17T19:02:16Z,n,123223,False
2018-02-17T19:04:52Z,y,1427,False
2017-12-09T17:30:32Z,y,9688,False
2017-12-09T17:36:44Z,y,103800,False
2017-12-09T17:37:31Z,y,120500,True
2017-12-09T17:39:41Z,y,1417,False
2017-12-09T17:42:35Z,y,452,False
2017-12-09T17:44:43Z,y,4398,False
2017-12-09T17:48:26Z,y,113688,False
2017-12-09T17:52:27Z,y,33040,False
2017-12-09T17:55:13Z,y,10219,False
2017-12-09T17:56:00Z,y,2241,False
2017-12-09T17:57:36Z,y,116294,False
2017-12-09T18:00:43Z,y,427,False
2017-10-28T18:50:29Z,y,9688,False
2017-10-28T18:53:28Z,n,1503,False
2017-10-28T18:58:05Z,n,10219,False
2017-10-28T19:02:48Z,y,1665,False
2017-10-28T19:06:10Z,y,427,False
2017-10-28T19:06:59Z,n,51935,False
2017-10-28T19:07:39Z,n,109138,False
2017-10-28T19:09:03Z,y,3057,False
2017-10-28T19:11:21Z,n,98513,True
2017-10-28T19:12:11Z,y,40979,True
2017-10-28T19:15:52Z,y,3057,False
2017-11-25T00:03:23Z,n,96502,False
2017-11-25T00:07:03Z,y,99368,False
2017-11-25T00:11:01Z,y,44,False
2017-11-25T00:14:38Z,y,2276,False
2017-11-25T00:19:36Z,n,2035,False
2017-11-25T00:35:02Z,n,1325,False
2017-11-25T00:36:16Z,n,20962,False
2017-12-02T01:53:26Z,y,13190,False
2017-12-03T18:20:14Z,y,518,False
2017-12-03T18:22:41Z,n,1274,False
2017-12-16T01:02:55Z,y,1689,False
2017-12-16T01:05:18Z,y,103800,False
2017-12-16T01:11:56Z,y,106095,False
2017-12-16T01:14:53Z,y,109118,False
2017-12-16T01:16:01Z,y,121719,False
2017-12-16T01:19:25Z,y,1411,False
2017-12-16T01:20:41Z,y,10219,False
2017-12-16T01:21:29Z,n,10219,False
2017-11-04T18:54:19Z,n,518,False
2017-11-04T18:58:44Z,y,113688,False
2017-11-04T19:00:35Z,n,113688,False
2017-12-23T17:51:53Z,y,518,True
2017-12-23T17:53:32Z,n,106354,False
2017-12-23T18:01:19Z,y,120500,False
2018-01-19T02:00:06Z,n,9688,False
2017-10-28T18:35:03Z,n,518,False
2017-11-19T18:50:56Z,n,113688,False
2017-11-19T18:58:43Z,y,518,False
2017-11-19T19:12:13Z,y,518,False
2017-10-28T15:31:54Z,y,518,False
2017-10-28T15:32:57Z,n,113688,False
2018-02-16T01:33:56Z,y,9688,False
2018-01-04T21:38:05Z,y,136,False
2018-03-17T17:49:36Z,y,9688,False
2017-12-03T19:39:09Z,y,518,True
2017-12-03T19:42:08Z,y,613,False
2017-12-03T19:45:40Z,n,125888,False
2018-02-17T18:54:29Z,y,1655,False
2018-02-17T18:55:45Z,y,10436,False
2018-02-17T19:06:44Z,y,420,False
2017-11-18T19:15:30Z,n,518,False
2017-11-18T19:26:46Z,y,3057,False
2017-11-11T17:00:18Z,y,136,False
2017-11-11T17:02:34Z,y,802,True
2017-11-11T17:06:20Z,n,1375,False
2017-11-11T17:07:37Z,y,8776,False
2017-11-11T17:10:52Z,y,63571,False
2017-11-11T17:15:47Z,y,33040,False
2017-11-11T17:22:43Z,y,116294,False
2017-11-11T17:25:47Z,y,1520,False
2017-12-15T00:09:38Z,y,1375,False
2017-12-15T00:22:51Z,n,121920,False
2017-12-15T00:23:55Z,y,100463,False
2017-12-15T00:26:52Z,y,11956,False
2017-12-15T00:29:08Z,y,109118,False
2017-12-15T01:29:12Z,y,9688,False
2018-03-10T20:06:50Z,y,9688,False
2017-11-19T16:50:24Z,y,518,False
2017-11-04T15:47:24Z,n,9688,False
2017-11-04T15:51:54Z,n,136,False
2017-11-04T15:56:25Z,n,1375,False
2017-11-04T15:57:33Z,y,90349,True
2017-11-04T15:59:41Z,y,6239,False
2017-11-04T16:06:27Z,n,47086,False
2017-11-04T16:08:49Z,y,6228,False
2017-11-04T16:23:56Z,y,10219,False
2017-11-04T16:27:43Z,y,33040,False
2017-11-04T16:29:05Z,y,1330,True
2017-11-04T16:32:26Z,y,1639,False
2017-11-04T16:35:36Z,y,109118,True
2017-11-04T16:36:23Z,n,111675,False
2018-02-21T19:07:18Z,y,518,False
2018-02-21T19:09:32Z,y,9688,False
2017-10-28T16:54:38Z,n,106354,False
2017-10-28T16:57:45Z,y,613,False
2017-10-28T17:19:09Z,y,63571,False
2017-10-28T17:27:36Z,y,109318,False
2017-10-28T17:34:49Z,y,2806,False
2017-10-28T17:36:16Z,y,120729,False
2017-10-28T17:37:05Z,y,1520,False
2017-11-18T00:17:30Z,n,9688,False
2017-11-18T00:21:07Z,y,4398,True
2017-11-18T00:23:59Z,y,1978,False
2017-11-18T00:24:49Z,y,1978,False
2017-11-18T00:30:45Z,y,6239,False
2017-11-18T00:33:44Z,n,8776,False
2017-11-18T00:37:48Z,n,80860,False
2017-11-18T00:39:40Z,y,10436,False
2017-11-18T00:42:13Z,y,11956,False
2017-11-18T00:47:43Z,n,1655,False
2017-11-18T00:49:52Z,y,11956,False
2017-11-18T00:52:45Z,y,1274,False
2017-11-18T00:54:40Z,y,114549,False
2017-11-18T00:57:39Z,y,116294,False
2017-11-18T00:59:54Z,y,116294,False
2017-11-18T01:02:49Z,n,1633,False
2017-11-18T01:10:58Z,y,1555,False
2017-11-18T01:14:03Z,y,2241,False
2017-11-18T01:18:46Z,y,111576,False
2017-11-18T01:22:25Z,n,20962,False
2017-10-29T18:28:35Z,n,518,False
2017-10-29T18:31:29Z,y,1375,False
2017-10-29T18:34:56Z,y,56603,False
2017-10-29T18:38:12Z,n,1355,False
2017-10-29T18:39:20Z,y,10219,False
2017-10-29T18:43:14Z,y,116294,False
2017-10-29T18:52:35Z,y,114549,False
2018-02-24T19:13:12Z,y,9688,False
2017-11-04T15:38:06Z,y,1274,False
2017-11-04T15:40:49Z,y,106095,False
2018-01-14T19:22:03Z,y,518,False
2018-01-14T19:45:12Z,y,9688,False
2018-01-14T19:46:59Z,y,518,False
2018-01-14T19:52:56Z,y,518,False
2018-01-14T19:55:39Z,n,123223,False
2018-01-14T19:58:22Z,n,1800,False
2018-01-14T20:00:15Z,n,99623,False
2018-01-14T20:03:30Z,n,63571,False
2018-01-14T20:06:59Z,y,96502,False
2017-12-09T19:09:13Z,y,9688,False
2018-03-24T19:35:50Z,y,113688,False
2018-03-24T19:46:17Z,y,98513,False
2017-10-21T16:22:22Z,n,9688,False
2017-10-21T18:55:14Z,n,1427,False
2017-10-21T19:17:12Z,y,1427,True
2017-10-21T19:20:27Z,y,113688,True
2017-10-21T19:23:43Z,y,1375,False
2017-10-21T19:38:26Z,y,125771,False
2017-10-21T19:38:57Z,y,20962,False
2017-10-21T19:41:23Z,y,95926,False
2017-10-21T19:44:17Z,y,802,False
2017-10-21T19:46:02Z,y,121740,False
2017-10-21T19:52:08Z,y,98750,False
2017-10-21T19:54:36Z,y,106354,False
2017-10-21T19:57:13Z,y,1375,False
2017-12-30T18:31:21Z,y,518,False
2017-12-30T18:31:21Z,y,9688,False
2017-12-30T18:31:22Z,y,518,False
2017-12-30T18:31:22Z,y,9688,False
2018-02-16T00:40:31Z,y,9688,False
2018-03-09T17:21:29Z,n,1503,False
2018-03-09T17:22:48Z,y,33040,True
2017-11-18T19:22:51Z,y,123223,False
2017-11-18T19:23:52Z,y,613,False
2017-11-18T19:28:59Z,y,1427,True
2017-11-18T19:30:31Z,y,1274,False
2017-11-18T19:31:00Z,y,1411,True
2017-11-18T19:35:41Z,n,1503,False
2017-11-18T19:36:23Z,n,1639,True
2017-11-18T19:39:16Z,n,802,False
2017-11-18T19:40:03Z,n,10436,False
2017-11-18T19:42:28Z,n,120500,True
2017-11-18T19:46:57Z,n,1509,False
2017-10-26T23:51:33Z,n,518,False
2017-10-27T00:01:10Z,n,427,False
2017-10-27T00:12:15Z,y,518,False
2017-12-29T00:30:16Z,n,113688,False
2017-12-29T00:30:16Z,n,113688,False
2017-12-29T00:30:17Z,n,113688,False
2017-12-29T00:33:48Z,y,31101,False
2017-12-29T00:40:55Z,y,33040,False
2017-12-29T00:42:20Z,n,40979,False
2017-12-29T00:44:12Z,y,106095,False
2017-12-29T00:57:25Z,n,1325,False
2017-12-29T01:00:58Z,y,106354,False
2017-11-25T17:09:54Z,y,1665,False
2017-11-25T17:18:09Z,y,10436,False
2017-11-25T17:21:01Z,y,1655,False
2017-11-25T17:24:08Z,y,1633,False
2017-11-25T17:27:37Z,y,1721,False
2018-02-16T01:43:22Z,y,518,False
2018-02-16T01:54:08Z,n,518,False
2017-11-19T17:05:11Z,y,518,True
2018-02-10T20:45:38Z,y,518,False
2018-02-10T20:47:13Z,y,1520,False
2018-02-10T20:49:45Z,y,1411,False
2018-02-10T20:53:06Z,y,106354,False
2017-11-09T23:25:04Z,y,136,False
2017-11-09T23:28:39Z,n,518,False
2017-11-09T23:31:55Z,y,99368,False
2017-11-10T00:01:04Z,y,1375,False
2017-11-10T00:04:08Z,y,521,False
2017-11-10T00:10:40Z,n,2507,False
2017-11-25T00:09:59Z,y,9688,False
2017-11-25T00:12:58Z,n,95926,True
2017-11-25T00:15:48Z,y,1354,False
2017-12-23T19:12:11Z,n,9688,False
2017-12-23T19:14:14Z,n,106354,False
2017-12-23T19:19:13Z,y,98513,False
2017-12-23T19:21:46Z,n,1411,False
2017-12-23T19:25:29Z,y,1520,False
2017-12-23T19:36:21Z,y,518,False
2017-12-23T19:39:20Z,n,113688,False
2017-12-23T19:42:55Z,y,1520,False
2017-12-23T20:02:22Z,y,6228,False
2017-12-23T20:05:12Z,y,1689,False
2017-11-19T18:19:12Z,n,9688,False
2017-11-18T19:19:55Z,y,1375,False
2017-11-18T19:24:44Z,y,1411,False
2017-11-18T19:25:33Z,y,1427,True
2017-11-18T19:29:14Z,n,123223,False
2017-11-18T19:32:19Z,y,1356,False
2017-11-18T19:36:42Z,n,56603,False
2017-11-18T19:50:23Z,y,518,False
2017-11-18T19:53:18Z,y,518,False
2017-11-18T19:55:48Z,n,1633,False
2017-11-18T19:56:51Z,y,1509,True
2017-11-18T20:02:09Z,y,9688,False
2017-11-18T20:04:11Z,n,9688,False
2017-10-29T16:49:53Z,y,613,False
2018-02-24T18:46:10Z,y,9688,False
2018-02-24T18:48:02Z,n,106354,False
2018-02-24T18:51:29Z,y,2806,False
2018-02-24T18:55:40Z,n,136,False
2018-02-24T19:04:40Z,y,10436,False
2018-02-24T19:06:49Z,y,40979,False
2018-02-24T19:40:57Z,y,518,False
2018-02-24T18:48:18Z,n,123223,False
2018-02-24T18:51:11Z,n,3057,False
2018-02-24T18:52:44Z,n,1978,False
2018-02-24T18:54:57Z,n,1520,False
2018-02-24T19:03:10Z,y,4441,False
2017-10-29T16:47:13Z,y,9688,False
2017-10-29T16:49:37Z,n,136,False
2017-10-24T15:48:40Z,y,802,False
2017-10-24T15:53:02Z,n,1503,False
2017-10-24T15:55:43Z,y,1429,False
2017-10-24T15:56:33Z,y,1354,False
2018-01-14T19:01:35Z,y,518,False
2017-11-18T18:33:31Z,y,9688,False
2017-11-18T18:34:42Z,n,3057,False
2017-12-16T16:10:58Z,y,9688,False
2017-12-09T20:42:56Z,n,518,True
2017-12-09T20:45:59Z,y,2245,False
2017-12-09T20:48:30Z,n,2730,False
2017-10-28T15:47:29Z,y,1227,False
2017-10-28T15:48:48Z,y,4398,False
2017-10-28T15:50:19Z,n,98954,False
2017-10-28T15:52:23Z,n,3057,True
2017-10-28T15:54:19Z,y,2806,False
2017-10-28T15:56:38Z,y,111675,False
2017-10-21T18:37:35Z,y,9688,False
2017-10-21T18:46:29Z,n,123223,False
2017-10-21T18:55:14Z,n,98954,False
2017-12-17T19:10:31Z,y,518,False
2017-12-09T17:58:39Z,n,2730,False
2017-12-16T18:43:25Z,y,9688,False
2017-12-16T18:44:35Z,y,1375,False
2017-12-16T18:46:15Z,n,3057,False
2017-12-16T18:47:40Z,n,90349,False
2017-12-16T18:49:14Z,y,59510,False
2017-12-23T17:07:21Z,y,518,False
2017-12-23T17:12:55Z,y,518,False
2017-12-23T17:15:57Z,n,1274,False
2017-12-23T17:16:58Z,n,1427,False
2017-12-23T17:17:21Z,n,1411,False
2017-11-19T19:21:18Z,y,9688,False
2017-11-10T00:52:29Z,y,518,False
2018-03-02T19:51:31Z,n,136,False
2018-03-02T19:55:21Z,y,9688,False
2018-03-02T19:59:05Z,n,121770,False
2018-03-02T20:03:07Z,y,802,False
2018-03-02T20:06:12Z,y,113688,False
2018-03-02T20:10:02Z,y,33040,False
2018-03-02T20:13:10Z,y,1429,False
2018-01-14T17:32:39Z,y,518,False
2018-01-14T17:34:57Z,n,1375,False
2018-01-14T18:32:13Z,y,9688,False
2018-01-14T18:33:17Z,y,518,False
2018-01-14T18:36:51Z,y,136,False
2018-01-14T18:39:19Z,y,98513,False
2018-01-14T18:41:33Z,n,106095,False
2018-01-14T18:43:25Z,y,106095,False
2018-01-14T18:43:59Z,y,1356,False
2018-01-14T18:46:14Z,y,1330,False
2018-01-14T18:48:18Z,n,1555,False
2018-01-14T18:51:29Z,y,10436,False
2018-01-14T18:59:46Z,n,518,False
2018-01-14T19:02:08Z,y,123223,False
2018-01-14T19:04:37Z,y,106354,False
2018-01-14T19:13:52Z,y,518,False
2018-01-14T19:15:54Z,y,9688,False
2018-01-14T19:17:44Z,y,427,True
2018-01-14T19:22:03Z,y,2570,False
2017-11-05T19:49:56Z,y,9688,False
2017-11-05T20:06:29Z,n,90349,False
2017-11-05T20:07:32Z,n,49879,False
2017-11-05T20:14:30Z,n,19689,False
2017-11-05T20:20:39Z,y,6239,False
2017-11-05T20:21:48Z,y,98274,False
2017-11-05T20:25:16Z,n,96502,False
2017-12-08T01:11:33Z,y,9688,False
2017-12-08T01:15:03Z,n,1978,False
2017-12-08T01:15:05Z,y,1978,False
2017-12-08T01:18:47Z,y,9688,False
2017-12-08T01:19:55Z,y,49879,True
2018-01-06T19:24:40Z,n,123223,False
2018-01-06T19:27:47Z,y,1417,False
2018-01-06T19:28:31Z,y,1509,False
2018-01-06T19:29:51Z,y,121920,True
2018-01-06T19:31:22Z,n,10219,True
2018-01-06T19:34:19Z,y,120500,False
2018-01-06T19:37:34Z,y,53,False
2018-01-06T19:39:35Z,y,96502,True
2018-01-06T19:42:45Z,n,106354,False
2018-01-06T19:45:42Z,y,111675,False
2017-11-05T17:52:26Z,y,109118,False
2017-11-05T17:55:20Z,y,1417,False
2017-11-05T17:58:02Z,y,1509,False
2017-11-05T18:00:23Z,y,802,False
2017-11-05T18:01:26Z,y,11956,False
2017-11-05T18:03:50Z,y,1738,False
2017-11-05T18:11:18Z,y,111576,False
2017-11-05T18:14:01Z,y,1639,False
2017-11-05T18:18:39Z,y,1325,False
2017-11-05T18:21:26Z,y,5033,False
2017-11-05T18:28:03Z,y,518,False
2017-11-05T18:49:24Z,y,518,False
2017-10-29T18:02:05Z,y,420,False
2017-11-18T19:48:36Z,y,3057,False
2017-11-18T19:52:05Z,y,2730,False
2017-11-18T19:56:50Z,n,518,False
2017-11-18T19:59:43Z,n,1217,True
2017-11-18T20:02:38Z,y,12776,False
2017-11-18T20:03:36Z,y,1503,False
2017-12-03T18:48:24Z,n,9688,False
2017-12-03T18:51:39Z,y,98750,False
2017-11-19T19:51:29Z,y,106354,False
2017-10-27T23:41:07Z,y,9688,False
2017-10-27T23:42:01Z,n,1375,False
2017-10-27T23:47:18Z,y,518,False
2017-10-24T14:33:28Z,y,10436,False
2017-10-24T14:35:42Z,y,1427,True
2018-03-10T20:41:31Z,y,9688,False
2018-03-03T19:30:25Z,y,9688,False
2018-03-03T19:44:08Z,n,1330,False
2018-03-03T19:51:01Z,y,121920,False
2018-03-03T19:54:44Z,y,1509,False
2018-03-03T19:58:04Z,y,10436,False
2018-03-03T20:02:36Z,n,11956,False
2018-03-03T20:04:48Z,y,2806,False
2018-03-03T20:09:12Z,n,4398,False
2018-03-03T20:17:00Z,y,9688,False
2018-03-03T20:19:46Z,y,99368,False
2018-03-03T20:22:38Z,n,99368,False
2018-03-03T20:24:43Z,n,518,True
2018-03-03T20:27:59Z,y,121920,False
2018-03-03T20:30:58Z,n,123223,False
2018-03-03T20:42:54Z,n,9688,False
2017-10-29T19:07:59Z,y,518,False
2017-10-29T19:07:59Z,y,518,False
2017-10-29T19:08:00Z,y,9688,False
2017-10-29T19:08:00Z,n,9688,False
2017-12-09T19:18:06Z,n,518,False
2017-12-09T19:22:41Z,n,9688,False
2017-12-09T19:24:17Z,y,113688,False
2017-12-30T19:23:04Z,n,518,False
2017-12-30T19:26:50Z,n,10593,False
2018-03-16T00:41:27Z,y,113688,False
2018-03-16T00:51:49Z,y,103800,False
2018-03-16T00:54:43Z,n,136,False
2017-12-03T18:00:40Z,y,113688,True
2017-12-03T18:03:36Z,n,31101,False
2017-10-21T17:17:34Z,n,518,False
2017-10-21T17:20:26Z,n,56603,False
2017-10-21T17:52:18Z,y,518,False
2017-10-21T17:55:05Z,y,1411,True
2017-11-26T17:22:02Z,y,113688,False
2017-11-26T17:30:30Z,y,9688,False
2017-11-26T17:34:39Z,y,10219,False
2017-11-26T17:36:30Z,y,33040,False
2017-11-26T17:39:47Z,y,120500,False
2017-11-26T17:41:48Z,y,125771,False
2017-11-18T00:00:41Z,y,518,False
2017-11-18T00:01:24Z,n,9688,False
2017-11-18T00:19:15Z,y,2507,False
2017-11-18T00:19:38Z,n,90349,False
2017-11-18T00:21:43Z,y,59510,False
2017-10-28T18:43:42Z,n,518,False
2017-11-25T19:11:31Z,y,3057,False
2017-11-25T19:14:55Z,y,113688,False
2017-11-25T19:16:13Z,y,613,False
2017-11-25T19:22:52Z,n,125771,False
2017-11-25T19:25:57Z,n,111576,False
2017-11-25T19:28:47Z,y,119495,False
2017-11-25T19:36:39Z,y,518,False
2017-10-24T15:08:54Z,y,113688,False
2017-10-24T15:11:54Z,y,1330,False
2017-10-24T15:12:19Z,n,1354,False
2017-10-24T15:13:20Z,y,1639,False
2017-12-03T20:31:40Z,y,518,False
2017-12-03T20:43:40Z,y,518,False
2017-10-21T16:52:54Z,y,9688,False
2017-12-03T17:47:27Z,y,1665,False
2017-11-25T00:27:38Z,y,106095,False
2017-10-24T16:19:09Z,y,1721,False
2017-11-19T18:07:55Z,y,518,False
2017-11-19T18:08:31Z,n,9688,False
2017-11-19T18:16:12Z,y,9688,False
2018-02-10T18:56:13Z,y,518,False
2018-02-10T18:56:42Z,y,9688,False
2018-02-10T19:06:29Z,y,9688,False
2018-02-10T19:08:35Z,y,106354,False
2018-02-10T19:11:57Z,n,1520,False
2018-02-10T19:15:06Z,y,1509,False
2018-02-10T19:18:01Z,y,2806,False
2018-02-10T19:20:57Z,n,1417,False
2018-02-10T19:32:25Z,y,420,False
2018-02-10T20:36:21Z,n,9688,False
2018-02-10T20:37:06Z,n,1375,False
2018-02-10T20:41:35Z,y,521,False
2018-02-10T20:45:18Z,y,518,False
2017-10-22T16:20:31Z,n,106354,False
2017-11-19T18:53:36Z,y,2507,False
2017-11-19T18:58:07Z,y,10436,False
2017-11-19T19:03:27Z,y,1721,False
2017-11-19T19:06:07Z,n,1503,False
2017-11-19T19:09:21Z,n,120500,False
2017-11-25T01:28:21Z,y,9688,False
2017-11-25T01:29:18Z,n,518,False
2018-02-24T19:39:39Z,y,9688,False
2017-11-19T19:05:00Z,y,1670,False
2017-11-19T19:06:13Z,n,103800,False
2017-11-19T19:11:23Z,y,1738,False
2017-11-17T01:15:03Z,y,9688,False
2017-11-17T01:18:08Z,y,3057,False
2017-11-17T01:31:44Z,y,1978,False
2017-11-17T01:33:25Z,n,47086,False
2017-11-17T01:36:04Z,y,49879,False
2017-11-17T01:39:33Z,y,1217,False
2017-11-10T01:12:46Z,y,518,False
2017-11-10T01:15:02Z,n,113688,False
2017-11-10T01:17:47Z,y,120500,False
2017-11-10T01:20:39Z,y,802,False
2017-11-10T01:21:39Z,y,11956,False
2017-11-10T01:24:32Z,n,98750,False
2017-11-10T01:25:40Z,n,109118,False
2017-10-27T00:47:35Z,n,113688,False
2017-10-27T00:49:24Z,y,1375,True
2017-10-27T00:52:16Z,y,9688,False
2017-11-26T17:06:37Z,y,9688,False
2017-11-26T17:06:37Z,y,518,False
2017-12-31T19:49:04Z,y,5995,False
2017-11-04T15:44:53Z,y,106354,False
2017-11-25T16:38:21Z,n,518,False
2017-11-10T00:18:25Z,y,518,False
2017-11-10T00:23:59Z,n,136,False
2017-11-10T00:31:57Z,y,103800,False
2017-11-10T00:33:31Z,y,10436,False
2017-11-10T00:36:48Z,y,10361,False
2017-11-10T00:38:25Z,y,80860,False
2017-11-10T00:41:23Z,y,1738,False
2017-11-10T00:42:32Z,y,11956,False
2017-11-10T00:46:53Z,y,1417,False
2017-11-10T00:57:44Z,y,1629,False
2018-02-16T01:02:25Z,y,9688,False
2018-02-16T01:02:53Z,n,1375,False
2018-02-16T01:05:19Z,y,62770,False
2018-02-16T01:07:53Z,y,1629,False
2018-02-16T01:10:34Z,y,518,False
2018-03-03T20:03:52Z,n,518,False
2018-03-03T20:07:14Z,n,106354,False
2018-03-03T20:08:01Z,n,109118,False
2018-03-03T20:10:09Z,y,1520,False
2018-03-03T20:13:03Z,y,1274,False
2018-03-03T20:41:21Z,y,113688,False
2018-03-03T20:42:47Z,n,123223,False
2018-03-03T20:44:47Z,n,40979,False
2017-10-27T22:54:17Z,y,518,False
2017-11-19T17:11:00Z,n,2241,False
2017-10-29T18:17:22Z,y,9688,False
2017-12-02T00:11:07Z,y,518,False
2017-12-02T00:14:53Z,y,1274,False
2017-12-02T00:22:04Z,y,518,False
2017-12-02T00:39:24Z,n,518,False
2018-04-07T20:05:53Z,n,1655,False
2018-04-07T20:05:53Z,n,1655,False
2018-04-07T21:01:14Z,y,121920,False
2018-01-14T17:29:17Z,y,518,False
2018-01-14T17:30:24Z,y,9688,False
2018-01-14T17:34:56Z,y,518,False
2018-01-14T17:35:45Z,n,9688,False
2018-01-14T17:57:15Z,y,518,False
2017-12-30T16:33:11Z,y,1354,False
2017-12-30T16:33:12Z,y,1330,False
2017-12-30T17:08:49Z,y,518,False
2017-12-30T17:08:50Z,n,518,False
2017-12-16T20:06:03Z,y,518,False
2017-12-16T20:09:06Z,y,1217,False
2017-12-16T20:10:11Z,y,106354,False
2017-12-16T20:12:04Z,y,613,False
2017-10-21T17:52:45Z,y,106354,False
2017-10-21T17:55:54Z,n,1330,False
2017-10-21T17:56:24Z,n,1639,True
2017-10-21T17:57:38Z,y,10361,True
2017-10-21T17:59:52Z,y,10219,False
2017-12-23T19:07:52Z,n,2245,False
2017-12-23T19:20:48Z,y,9688,False
2017-12-17T18:38:37Z,n,518,False
2017-10-21T16:10:32Z,n,518,False
2018-03-11T18:07:45Z,y,9688,False
2018-03-11T18:09:57Z,y,8776,False
2018-03-11T18:16:02Z,y,118808,False
2018-03-11T18:24:47Z,y,120525,False
2018-03-11T18:26:15Z,n,109318,False
2018-03-11T18:49:36Z,n,1375,False
2018-03-11T18:51:51Z,y,1520,False
2018-03-11T18:55:28Z,y,10436,False
2018-03-11T18:57:38Z,n,1655,False
2018-03-11T18:59:58Z,y,120729,False
2017-11-18T00:18:32Z,y,9688,False
2018-01-14T18:30:26Z,y,518,False
2018-01-14T18:35:04Z,y,98513,False
2018-01-14T18:57:07Z,y,10436,False
2018-01-14T19:02:15Z,n,106095,False
2018-01-14T19:05:43Z,y,10436,False
2018-01-14T19:08:40Z,n,1356,False
2018-01-14T19:26:44Z,n,518,False
2018-01-14T19:29:43Z,n,6239,False
2018-01-14T19:34:36Z,n,10436,False
2018-01-14T19:38:01Z,n,63571,False
2018-01-14T19:41:17Z,n,1330,True
2018-01-14T19:45:05Z,n,96502,False
2018-01-14T19:46:50Z,y,10361,True
2018-01-14T19:50:23Z,n,109318,False
2018-01-14T19:57:54Z,n,1427,True
2018-01-14T19:58:55Z,n,119495,True
2018-01-14T20:00:52Z,n,116294,False
2018-01-14T20:08:55Z,n,3057,False
2018-03-15T23:45:23Z,y,1375,False
2017-11-17T00:28:12Z,y,136,False
2017-11-18T17:01:34Z,y,9688,False
2017-11-18T17:05:32Z,n,89597,False
2017-11-18T17:08:30Z,y,2241,False
2017-11-18T17:11:07Z,y,40979,False
2017-10-27T00:28:04Z,n,113688,False
2017-11-05T17:00:16Z,y,106354,False
2017-11-05T17:03:08Z,y,1354,False
2017-11-05T17:05:31Z,y,98513,False
2018-02-24T19:55:27Z,n,123223,False
2018-02-24T20:26:09Z,n,1427,True
2017-10-22T18:56:54Z,n,1633,False
2017-10-22T18:58:09Z,n,20962,True
2017-12-08T01:06:08Z,y,518,False
2017-12-08T01:08:12Z,n,518,False
2017-12-08T01:09:07Z,n,106354,False
2017-12-08T01:11:33Z,y,802,False
2017-12-08T01:13:42Z,y,2035,False
2017-12-08T01:21:50Z,y,452,False
2017-12-29T00:10:04Z,n,9688,False
2017-12-29T00:17:14Z,n,1978,False
2017-12-29T00:23:05Z,y,10436,False
2017-12-29T00:26:14Z,y,63571,False
2017-12-29T00:29:31Z,n,51935,False
2017-12-29T00:32:28Z,n,99368,False
2017-12-29T00:39:14Z,n,9688,False
2017-12-29T00:40:27Z,n,1375,False
2018-02-24T19:52:23Z,y,9688,False
2018-02-24T19:55:29Z,n,123223,False
2018-02-24T20:13:47Z,n,518,False
2018-02-24T20:16:22Z,n,106354,False
2018-02-24T20:19:24Z,n,106354,False
2018-02-24T20:22:41Z,n,106354,False
2018-02-24T20:26:27Z,n,1427,False
2018-02-24T20:35:48Z,n,98750,False
2017-11-05T19:30:27Z,n,9688,False
2017-10-22T18:02:56Z,y,1520,False
2017-10-22T18:34:23Z,n,121770,True
2017-10-22T18:38:51Z,n,2806,False
2017-10-22T18:40:47Z,n,125771,False
2017-10-22T18:51:00Z,y,56603,False
2017-11-11T19:06:21Z,y,9688,False
2018-03-31T17:35:59Z,y,9688,False
2018-03-31T19:15:06Z,y,111675,False
2018-03-31T19:21:09Z,n,111675,False
2017-12-08T00:08:03Z,y,9688,False
2017-11-04T17:44:26Z,y,518,False
2017-11-04T17:44:26Z,n,3057,False
2017-11-04T17:44:27Z,y,521,False
2017-11-04T17:44:28Z,n,3057,False
2017-11-04T17:44:28Z,y,3057,False
2017-11-04T17:47:24Z,n,22277,False
2017-12-09T01:46:05Z,y,22277,False
2017-12-09T01:54:51Z,y,1509,False
2017-12-09T02:20:34Z,n,121770,False
2017-12-09T02:29:18Z,n,1375,False
2017-12-09T02:34:31Z,y,1978,False
2017-12-09T02:37:51Z,y,1727,False
2017-12-09T02:39:43Z,y,10593,False
2017-12-09T02:52:23Z,y,1665,True
2017-12-09T02:55:01Z,y,4398,False
2017-12-09T03:00:28Z,y,2421,False
2018-03-10T18:55:58Z,n,9688,False
2018-03-10T19:57:36Z,n,9688,False
2018-03-10T20:01:24Z,y,4398,False
2018-03-10T20:08:59Z,y,9688,False
2018-03-10T20:10:49Z,y,3057,False
2017-12-09T01:21:15Z,y,9688,False
2017-12-09T01:25:35Z,y,2507,False
2017-12-09T01:27:05Z,n,3057,True
2017-12-09T01:29:58Z,y,1629,False
2017-11-05T16:45:45Z,n,9688,False
2017-11-05T16:47:48Z,n,518,False
2017-11-05T18:13:57Z,y,9688,False
2017-11-05T18:17:30Z,y,9688,False
2017-11-05T18:20:28Z,y,4398,False
2017-11-05T18:21:57Z,y,99368,False
2017-11-05T18:25:03Z,y,518,False
2017-11-05T18:50:09Z,y,9688,False
2017-11-05T18:53:13Z,y,518,False
2017-11-05T19:07:00Z,y,1655,False
2017-11-05T19:11:22Z,n,1375,False
2017-11-05T19:14:16Z,y,5995,False
2017-11-05T19:16:13Z,y,9688,False
2017-11-05T19:18:47Z,y,9688,False
2017-11-05T19:20:50Z,n,113688,False
2017-11-05T19:23:20Z,y,1655,False
2017-11-05T19:26:19Z,n,98954,True
2017-10-28T15:32:34Z,y,2276,False
2017-10-28T15:36:39Z,y,2035,False
2017-10-28T15:53:08Z,n,120525,False
2017-10-28T15:55:55Z,y,45,False
2017-10-28T15:58:48Z,y,53,False
2017-10-28T16:05:48Z,y,1226,False
2017-12-17T18:48:54Z,y,9688,False
2017-12-17T18:55:59Z,y,90349,False
2017-12-17T19:13:13Z,y,1375,False
2017-10-28T18:53:23Z,y,9688,False
2017-10-28T18:55:11Z,n,3057,False
2017-12-08T01:13:23Z,y,2730,False
2017-12-08T01:19:01Z,y,4398,False
2017-12-03T19:12:46Z,y,106354,False
2017-12-03T19:16:08Z,y,1689,False
2017-11-18T16:34:50Z,y,518,False
2017-11-18T16:37:33Z,y,4398,False
2017-11-18T16:39:29Z,y,1227,False
2017-11-18T16:42:30Z,y,8776,False
2017-11-18T16:47:51Z,y,3057,False
2017-11-18T17:00:32Z,y,1520,False
2017-11-18T17:02:14Z,n,109118,False
2017-11-10T18:16:45Z,y,113688,True
2017-11-10T18:18:38Z,n,114549,True
2017-11-10T18:19:46Z,y,1800,True
2017-11-10T18:20:57Z,y,1689,True
2017-11-10T18:22:02Z,y,63571,True
2017-11-10T18:22:57Z,y,11956,True
2017-11-10T18:28:51Z,n,103800,False
2017-11-10T18:30:24Z,n,20962,True
2017-11-10T18:31:35Z,y,1427,True
2017-11-10T18:31:57Z,n,1274,True
2017-11-10T18:32:29Z,y,1325,False
2017-11-10T18:33:56Z,n,108666,True
2017-11-10T18:36:32Z,n,521,True
2017-11-25T00:17:51Z,n,98274,False
2017-11-25T00:21:41Z,y,10361,False
2017-11-25T00:24:58Z,y,10436,False
2017-11-05T20:07:09Z,y,9688,False
2017-11-05T20:12:18Z,n,9688,False
2017-11-17T00:50:12Z,y,518,False
2017-11-17T01:21:23Z,y,9688,False
2017-11-17T01:24:18Z,y,123223,False
2017-10-21T16:06:27Z,y,121920,False
2017-10-21T16:08:22Z,n,10451,False
2017-10-21T16:09:04Z,y,1978,False
2017-10-21T16:12:11Z,y,1325,False
2017-10-21T16:14:39Z,y,51935,False
2017-10-21T16:17:31Z,y,40979,False
2017-10-21T16:35:34Z,n,518,True
2018-03-10T20:28:42Z,n,136,False
2018-03-10T20:32:18Z,n,8776,True
2018-03-10T20:33:03Z,n,8776,False
2018-03-10T20:36:04Z,n,2421,False
2018-03-10T20:42:37Z,y,63571,False
2018-03-10T20:48:08Z,n,420,False
2018-03-10T20:49:35Z,n,96502,False
2018-03-10T20:55:13Z,y,19689,False
2018-03-10T20:56:20Z,y,5995,False
2018-03-10T21:00:19Z,y,109318,False
2017-12-16T17:15:09Z,y,9688,False
2017-12-16T17:17:17Z,y,3057,False
2017-12-16T17:19:30Z,y,4398,False
2017-12-16T17:30:13Z,n,106095,False
2017-12-16T17:32:32Z,n,2241,False
2017-12-16T17:34:51Z,y,40979,False
2017-12-16T17:43:11Z,y,13190,False
2017-12-16T17:45:18Z,y,111675,False
2017-10-28T15:09:34Z,y,1375,False
2017-10-28T15:13:30Z,y,427,False
2017-10-28T15:21:03Z,y,19689,False
2017-10-28T15:25:26Z,y,62770,False
2017-10-28T15:28:47Z,n,2505,False
2017-10-28T15:30:50Z,y,109138,False
2017-11-18T17:14:46Z,y,9688,False
2017-11-18T17:19:02Z,y,136,False
2017-11-18T17:21:47Z,y,125771,False
2017-11-18T17:25:09Z,y,115752,False
2017-11-18T17:25:43Z,n,108666,False
2017-11-18T17:28:04Z,y,98513,False
2017-11-18T17:36:44Z,n,31101,False
2017-11-18T17:40:03Z,n,116294,False
2017-11-18T17:44:25Z,y,116294,False
2017-11-18T17:46:36Z,n,1355,False
2017-11-18T17:47:18Z,n,1555,False
2017-11-18T17:50:35Z,y,1670,False
2017-11-18T17:53:30Z,n,1355,False
2017-11-18T17:55:48Z,y,1330,False
2017-11-18T17:57:12Z,n,115752,False
2017-11-18T18:19:11Z,y,1417,False
2017-11-18T18:28:16Z,y,9688,False
2017-11-18T18:29:02Z,y,518,False
2018-02-24T18:50:42Z,y,518,False
2017-10-28T17:56:34Z,y,1375,False
2017-10-28T18:02:15Z,y,613,False
2017-10-28T18:03:16Z,y,111675,False
2017-10-28T18:11:27Z,y,1487,False
2017-10-28T18:14:32Z,n,10451,False
2017-11-18T17:59:03Z,n,518,False
2017-11-18T18:02:57Z,y,1226,False
2017-11-18T18:03:44Z,y,120525,False
2017-11-18T18:05:51Z,y,4441,True
2017-11-18T18:12:34Z,y,2276,False
2017-11-18T18:17:54Z,y,2806,False
2017-11-04T18:21:11Z,y,518,False
2018-01-14T17:48:42Z,n,518,False
2018-01-14T17:52:24Z,y,613,False
2018-01-14T17:56:51Z,y,1330,False
2018-01-14T17:58:39Z,y,1429,False
2018-01-14T18:04:31Z,y,1274,True
2018-01-14T18:06:53Z,y,1670,False
2017-11-26T18:55:44Z,y,518,False
2017-11-26T19:00:22Z,y,1670,False
2017-11-26T19:01:28Z,y,30758,True
2017-11-26T19:22:52Z,y,9688,False
2017-11-26T19:23:23Z,y,9688,False
2017-11-26T19:24:50Z,y,9688,False
2017-11-26T19:25:28Z,y,3057,False
2017-11-26T19:28:30Z,y,98269,False
2017-11-26T19:29:27Z,y,51935,False
2017-11-26T19:31:09Z,y,63571,True
2017-11-26T19:33:37Z,y,1325,True
2017-11-26T19:34:24Z,y,114549,True
2017-11-26T19:37:10Z,y,113688,True
2017-11-26T20:00:57Z,y,1375,False
2017-10-29T19:00:43Z,y,1555,False
2017-10-29T19:05:59Z,y,518,False
2017-10-29T19:06:34Z,n,9688,False
2017-10-29T19:08:37Z,y,1857,False
2017-10-29T19:10:58Z,y,1689,True
2017-10-29T19:14:33Z,y,1639,False
2017-10-29T19:17:54Z,y,109318,False
2017-10-29T19:22:09Z,y,27402,False
2017-10-29T19:25:13Z,y,10436,False
2017-10-29T19:28:17Z,y,125771,False
2017-10-29T19:30:02Z,y,3057,True
2017-10-29T19:34:13Z,y,6228,True
2017-10-29T19:36:04Z,y,1427,True
2017-10-29T19:37:16Z,y,109118,False
2017-10-29T19:38:07Z,n,420,True
2017-10-29T19:40:38Z,y,10361,False
2017-10-29T19:42:40Z,n,95926,True
2017-10-29T19:45:49Z,y,427,False
2017-10-29T19:48:19Z,y,10451,True
2017-10-29T19:49:26Z,y,53,True
2017-10-29T19:53:30Z,y,90349,False
2017-11-11T17:55:48Z,y,518,False
2017-11-11T18:06:41Z,n,518,False
2017-11-11T18:12:00Z,y,518,False
2018-03-31T19:16:34Z,n,1520,False
2017-11-04T16:11:16Z,y,116294,False
2017-11-04T16:14:02Z,n,100463,False
2017-11-04T16:20:53Z,y,103800,False
2017-11-04T15:21:16Z,y,9688,False
2017-10-21T17:13:29Z,y,518,False
2017-10-21T17:16:21Z,n,120500,False
2017-10-21T17:19:33Z,n,121794,False
2018-01-14T17:51:26Z,y,518,False
2018-01-14T17:53:48Z,y,518,False
2018-01-14T17:58:06Z,y,1629,False
2018-01-14T18:01:25Z,n,10593,False
2018-01-14T18:04:35Z,y,63571,False
2018-01-14T18:05:47Z,y,6228,False
2018-01-14T18:13:03Z,y,2241,False
2018-01-14T18:47:49Z,y,9688,False
2018-01-14T19:06:52Z,n,1375,False
2018-01-14T19:26:59Z,y,9688,False
2018-01-14T19:27:39Z,y,518,False
2018-01-14T19:30:10Z,y,613,False
2018-01-14T19:35:03Z,y,1417,False
2018-01-14T19:35:39Z,y,1417,False
2018-01-14T19:36:49Z,y,1509,False
2018-01-14T19:38:27Z,y,1689,False
2018-01-14T19:39:39Z,y,98750,True
2018-01-14T19:42:35Z,y,1330,False
2018-01-14T19:44:26Z,y,2035,False
2018-01-14T19:46:32Z,n,1411,True
2018-01-14T19:50:56Z,y,63571,False
2018-01-14T19:54:52Z,n,22277,False
2018-01-14T20:01:04Z,n,9688,False
2017-10-27T23:21:01Z,y,19689,False
2017-10-27T23:49:58Z,y,1487,False
2017-10-27T23:54:27Z,y,8776,False
2017-10-28T00:24:09Z,y,1417,False
2018-02-24T18:55:09Z,n,106095,False
2017-11-17T00:47:12Z,y,9688,False
2018-02-21T19:20:50Z,y,2245,False
2018-02-21T19:24:25Z,y,1509,False
2018-02-21T19:28:20Z,y,689,False
2018-02-21T19:29:08Z,y,120525,False
2018-02-21T19:32:46Z,n,1375,False
2018-02-21T19:32:47Z,n,1375,False
2018-02-21T19:32:47Z,n,1375,False
2018-02-21T19:36:37Z,n,5995,False
2018-02-21T19:36:37Z,n,5995,False
2017-10-28T18:54:59Z,y,518,False
2018-01-25T16:38:37Z,y,136,False
2018-01-25T16:41:46Z,y,1655,True
2017-10-28T15:56:47Z,y,452,False
2017-11-04T17:22:11Z,y,518,False
2018-01-04T21:40:58Z,n,1503,False
2018-01-04T22:14:57Z,y,9688,False
2018-01-04T22:17:57Z,y,1354,False
2018-01-04T22:20:35Z,y,113688,True
2018-01-04T22:23:23Z,n,114549,True
2017-12-08T01:11:20Z,y,9688,False
2017-12-08T01:11:58Z,y,9688,False
2017-12-08T01:13:59Z,y,10593,False
2017-12-08T01:16:11Z,y,99623,False
2017-12-08T01:18:23Z,n,2505,True
2017-10-22T17:12:26Z,y,1375,False
2017-10-22T17:17:27Z,y,518,False
2017-10-22T17:18:25Z,n,1375,False
2017-10-22T17:21:51Z,y,3057,False
2017-11-25T18:41:53Z,y,518,False
2017-11-25T18:56:35Z,y,9688,False
2017-11-25T18:59:19Z,n,113688,False
2017-11-25T19:00:39Z,y,123223,False
2018-03-17T19:27:23Z,n,9688,False
2018-03-17T19:30:47Z,y,113688,False
2017-11-05T17:38:16Z,y,518,False
2017-11-04T17:46:50Z,y,1375,False
2017-10-22T19:48:03Z,n,518,False
2017-10-28T00:14:05Z,y,518,False
2017-10-28T00:14:52Z,n,106354,False
2017-11-18T20:28:35Z,y,518,False
2017-11-18T20:29:49Z,n,9688,False
2018-03-16T00:51:49Z,n,1503,False
2018-01-14T17:11:47Z,y,518,False
2018-01-14T17:12:55Z,y,9688,False
2018-01-14T19:58:05Z,y,518,False
2018-03-17T17:56:24Z,n,9688,False
2018-03-17T17:59:34Z,n,136,False
2018-03-17T18:03:12Z,n,103800,False
2018-03-17T18:05:14Z,y,121920,False
2018-03-17T18:08:53Z,n,123223,False
2018-03-17T18:13:53Z,n,136,False
2018-03-17T18:17:06Z,n,1277,False
2018-03-17T18:18:08Z,n,116294,False
2018-03-17T18:20:45Z,n,1509,False
2018-03-17T18:21:57Z,y,10361,True
2018-03-17T18:24:18Z,y,420,False
2018-03-17T18:39:27Z,n,1375,False
2018-03-17T18:42:04Z,n,121770,True
2018-03-17T18:44:34Z,y,3057,False
2018-03-17T18:46:07Z,y,1487,True
2018-03-17T18:48:28Z,n,10593,False
2018-03-17T18:55:21Z,y,90349,False
2017-10-21T16:35:57Z,y,1427,True
2017-11-05T19:00:48Z,y,1487,False
2017-11-05T19:10:59Z,y,1375,False
2017-11-05T19:14:11Z,n,9688,False
2017-11-05T19:22:33Z,y,120500,False
2017-12-02T00:26:22Z,n,8776,False
2017-12-02T00:29:13Z,n,2421,False
2017-12-02T00:32:15Z,y,109318,False
2017-12-02T00:36:04Z,y,63571,False
2017-12-02T00:39:51Z,y,47086,False
2017-12-02T00:44:18Z,n,98274,False
2017-12-02T00:50:54Z,y,123223,False
2017-12-02T00:54:03Z,n,1427,False
2017-12-02T00:55:17Z,y,1670,False
2017-12-02T00:59:32Z,y,31101,False
2017-12-02T01:07:50Z,y,109118,False
2017-12-02T01:23:15Z,y,115752,False
2017-12-02T01:27:21Z,y,100463,False
2017-12-02T01:30:32Z,y,3057,False
2017-12-02T01:33:32Z,y,518,False
2017-10-28T18:14:24Z,n,518,True
2017-11-05T18:51:46Z,y,518,False
2017-11-19T16:52:11Z,n,113688,False
2017-11-25T18:33:38Z,y,518,False
2017-11-25T18:40:41Z,n,1503,False
2017-11-25T18:43:50Z,y,1417,False
2018-02-24T18:41:26Z,y,518,False
2018-02-24T18:45:53Z,y,518,False
2018-02-24T18:49:03Z,n,103800,False
2018-02-24T18:52:08Z,y,1503,False
2018-02-24T18:55:03Z,y,10361,False
2018-02-24T19:03:18Z,y,1738,False
2018-02-24T19:03:50Z,y,1738,False
2018-02-24T19:04:35Z,y,80860,False
2018-02-24T19:13:22Z,y,2035,False
2018-02-24T19:16:54Z,y,63571,False
2018-02-24T19:39:17Z,n,9688,False
2017-10-27T00:33:27Z,n,518,False
2017-11-04T18:34:20Z,n,109138,False
2018-03-15T23:37:01Z,y,9688,False
2018-03-15T23:53:07Z,y,90349,False
2018-03-16T00:02:14Z,y,5033,False
2018-03-16T00:15:02Z,y,1354,False
2017-11-11T16:59:30Z,n,518,False
2017-11-11T17:01:56Z,y,518,False
2017-11-11T17:14:25Z,y,518,False
2017-11-11T18:25:05Z,y,518,False
2017-11-18T17:57:57Z,y,9688,False
2017-11-18T18:00:20Z,n,123223,False
2017-11-18T18:04:31Z,n,1665,False
2017-11-18T18:08:36Z,y,53,False
2017-11-18T18:11:05Z,n,80860,False
2017-11-18T18:12:16Z,y,10436,False
2017-11-17T00:55:13Z,y,518,False
2017-11-17T00:57:28Z,n,136,False
2017-11-17T00:59:44Z,y,1665,False
2017-11-17T01:03:20Z,y,9688,False
2017-10-21T17:01:41Z,y,125771,False
2017-10-21T17:07:23Z,y,121684,False
2017-10-21T17:21:50Z,y,1402,False
2017-12-29T22:07:56Z,n,1633,False
2017-12-29T22:15:08Z,y,689,False
2017-12-29T22:17:34Z,y,19689,False
2017-10-21T18:19:05Z,y,9688,False
2017-10-21T18:25:18Z,y,613,False
2017-10-21T18:28:23Z,y,1520,False
2017-10-21T18:31:14Z,n,1509,False
2017-10-21T18:31:39Z,y,11956,False
2017-10-21T18:33:16Z,y,109118,False
2017-10-21T18:37:04Z,y,80860,False
2017-10-21T18:40:58Z,y,63571,False
2017-10-21T18:49:07Z,y,47086,False
2017-11-19T17:11:04Z,y,9688,False
2017-12-17T19:45:25Z,y,9688,False
2017-12-17T19:55:25Z,n,121770,False
2017-12-17T20:00:03Z,y,121719,False
2017-10-26T23:25:40Z,n,3057,False
2017-12-16T18:10:23Z,y,106354,False
2017-12-16T18:16:45Z,y,427,False
2017-12-16T18:28:06Z,y,19689,False
2018-03-09T17:06:54Z,n,1633,False
2018-03-09T17:13:06Z,n,10436,False
2018-03-09T17:13:54Z,y,1277,False
2018-03-09T17:18:38Z,y,116294,False
2018-03-09T17:20:51Z,y,10361,False
2018-03-09T17:24:35Z,n,1330,False
2018-03-09T17:26:54Z,n,2806,False
2018-03-09T17:30:00Z,y,136,False
2018-03-09T17:32:09Z,y,8776,False
2018-03-09T17:37:17Z,y,1375,False
2017-12-09T18:12:43Z,n,113688,False
2017-12-09T18:13:32Z,n,123223,False
2017-12-09T18:17:13Z,y,121920,False
2017-12-09T18:20:00Z,y,98750,False
2017-12-09T18:23:03Z,y,10436,False
2017-12-09T18:28:18Z,y,427,False
2017-12-09T18:31:16Z,y,1520,False
2017-12-09T18:37:09Z,y,6228,False
2017-12-09T18:40:39Z,y,47086,False
2017-12-09T18:41:24Z,n,52346,False
2017-12-09T18:47:32Z,y,118808,False
2018-03-03T19:00:07Z,n,9688,False
2018-03-03T19:01:33Z,n,2507,True
2018-03-03T19:04:02Z,n,4441,True
2018-03-03T19:12:12Z,n,109118,False
2018-01-18T23:57:48Z,y,9688,False
2018-01-19T00:05:27Z,y,9688,False
2018-01-19T00:07:40Z,y,106095,True
2018-01-19T00:10:30Z,n,3057,False
2018-01-19T01:45:42Z,y,518,False
2017-11-19T20:36:36Z,y,518,False
2017-11-19T20:36:53Z,y,518,False
2017-11-19T20:36:55Z,y,518,False
2017-11-19T20:36:56Z,y,9688,False
2017-11-19T20:36:57Z,y,9688,False
2017-12-09T17:26:40Z,y,518,False
2017-12-17T18:04:02Z,y,518,False
2017-12-17T18:29:46Z,y,121920,False
2017-12-17T18:32:48Z,n,13190,False
2018-03-11T18:44:35Z,y,1375,False
2018-03-11T18:47:51Z,n,63571,False
2018-03-11T18:51:22Z,n,6228,False
2018-03-11T18:53:03Z,y,120729,False
2018-03-11T18:55:58Z,y,10436,False
2018-03-11T18:56:56Z,n,1655,False
2018-03-11T19:03:35Z,y,10219,False
2018-03-11T19:04:52Z,y,10219,False
2018-03-11T19:06:24Z,y,1277,False
2017-12-16T17:00:15Z,y,9688,False
2017-12-16T17:02:38Z,y,3057,False
2017-12-09T18:01:49Z,n,113688,False
2017-11-04T17:28:40Z,n,106354,False
2017-11-04T17:29:32Z,n,106354,False
2017-11-04T17:33:00Z,y,427,False
2017-11-04T17:36:15Z,y,1655,False
2017-11-04T17:42:53Z,y,1375,False
2017-11-04T17:22:10Z,y,1375,False
2017-11-04T17:24:33Z,y,109318,True
2017-11-04T17:29:56Z,n,106354,False
2017-11-04T17:34:14Z,y,1427,True
2017-11-03T22:59:11Z,n,9688,False
2017-11-03T23:01:36Z,y,9688,False
2017-11-03T23:05:05Z,y,3057,False
2017-11-03T23:13:12Z,y,109138,False
2017-11-04T15:21:26Z,n,518,False
2017-11-04T15:23:21Z,n,2505,True
2017-10-21T16:38:50Z,y,9688,False
2017-10-21T16:41:41Z,y,113688,False
2017-10-21T16:44:34Z,y,613,False
2017-10-21T16:47:24Z,y,136,False
2017-10-21T16:55:41Z,y,20962,False
2017-10-21T17:03:04Z,y,89597,False
2017-10-21T17:04:41Z,y,1857,False
2017-10-21T17:06:17Z,n,12776,False
2017-10-21T17:07:17Z,y,1354,False
2017-10-21T17:09:50Z,y,1670,False
2017-10-21T17:13:05Z,n,1555,False
2017-10-21T17:16:03Z,n,1356,False
2017-10-21T17:18:49Z,y,1429,False
2017-10-21T17:21:43Z,y,106095,False
2017-10-21T17:22:31Z,y,103800,False
2017-10-21T17:23:52Z,n,1277,False
2017-10-21T17:25:40Z,y,121684,False
2017-10-21T17:28:51Z,y,11956,False
2017-11-19T17:12:23Z,y,3057,False
2017-11-19T17:14:50Z,y,1629,False
2018-02-21T19:19:31Z,n,9688,False
2018-02-21T19:22:10Z,y,121719,False
2018-02-21T19:25:55Z,y,44,False
2018-02-21T19:28:27Z,y,63571,False
2018-02-21T19:30:46Z,y,11956,False
2018-02-21T19:42:46Z,y,518,False
2017-10-21T16:20:10Z,y,518,False
2017-11-05T20:00:26Z,y,518,False
2017-11-05T20:04:07Z,y,9688,False
2017-11-05T20:07:18Z,n,1655,False
2017-11-05T20:10:56Z,n,1325,False
2017-11-05T20:13:06Z,y,31101,True
2017-11-19T19:05:14Z,y,1417,False
2017-11-19T19:23:01Z,y,1857,False
2017-11-19T19:27:23Z,n,12776,False
2017-11-19T19:30:02Z,y,1354,False
2017-11-19T19:30:08Z,y,1354,False
2017-11-19T19:35:16Z,n,114549,False
2017-11-19T19:36:13Z,n,10219,False
2017-12-21T23:58:36Z,y,1375,False
2017-12-22T00:02:55Z,n,9688,False
2017-12-22T00:08:13Z,n,9688,False
2017-12-22T00:12:43Z,n,518,False
2017-12-22T00:18:18Z,n,518,False
2017-12-22T00:35:15Z,n,613,False
2017-12-22T00:43:57Z,y,121770,False
2017-12-22T00:47:40Z,n,121719,False
2017-12-22T00:48:26Z,y,120500,False
2017-12-22T00:52:42Z,y,802,False
2017-12-22T00:56:51Z,y,1520,False
2017-12-22T01:51:11Z,y,518,False
2017-12-22T01:58:21Z,y,9688,False
2017-11-19T20:02:21Z,n,33040,False
2017-11-19T20:05:12Z,y,106095,False
2017-11-26T17:09:28Z,y,518,False
2018-03-24T17:38:15Z,y,2730,False
2018-03-24T17:43:52Z,y,1375,True
2018-03-24T17:57:01Z,y,114549,False
2018-03-24T18:16:46Z,n,593,False
2017-11-17T00:15:37Z,y,9688,False
2017-11-17T00:18:32Z,y,1411,False
2017-11-19T17:31:58Z,n,9688,False
2017-11-19T17:32:41Z,y,518,False
2017-11-19T17:39:02Z,y,11956,False
2017-11-19T17:42:09Z,y,2035,False
2017-11-05T16:46:09Z,y,1375,False
2017-11-09T23:57:31Z,n,518,True
2017-11-09T23:59:56Z,y,6228,False
2017-11-10T00:05:09Z,y,1411,False
2017-11-10T00:05:48Z,y,1274,False
2017-11-10T00:06:23Z,n,116294,False
2018-03-11T17:48:24Z,y,9688,False
2018-03-11T17:50:44Z,n,8776,False
2018-03-11T17:51:52Z,y,99368,False
2018-03-11T18:00:42Z,y,2421,False
2018-03-11T18:02:32Z,n,1727,False
2017-11-18T19:15:16Z,y,9688,False
2017-11-18T19:19:01Z,n,106354,False
2017-11-18T19:21:26Z,n,2245,True
2017-11-18T19:21:59Z,y,99368,True
2017-11-18T19:26:02Z,n,106354,False
2017-11-18T19:29:51Z,n,1427,True
2017-11-18T19:32:28Z,n,1800,False
2017-11-18T19:35:39Z,y,103800,False
2017-11-18T19:37:00Z,n,120500,False
2017-11-18T19:39:02Z,n,1655,False
2017-11-18T19:41:32Z,y,10436,False
2017-11-18T19:44:40Z,n,63571,False
2017-11-18T19:47:46Z,n,49879,False
2017-11-18T20:15:09Z,n,9688,False
2017-12-30T17:36:26Z,n,518,False
2017-12-30T18:10:00Z,y,9688,False
2017-10-29T16:00:02Z,y,9688,False
2017-12-16T01:17:27Z,y,120500,False
2017-12-16T01:20:34Z,n,420,True
2017-12-16T01:22:01Z,y,3057,True
2017-12-16T01:25:01Z,y,1689,False
2017-11-05T21:46:53Z,n,90349,False
2017-11-05T21:49:42Z,y,1978,False
2017-11-05T21:52:07Z,y,98269,False
2017-10-21T17:13:58Z,y,98513,False
2017-10-21T17:17:19Z,y,1277,False
2017-10-21T17:19:26Z,y,106095,False
2017-10-21T17:26:50Z,n,1639,False
2017-10-21T17:34:01Z,y,1356,False
2017-10-21T17:37:22Z,y,136,False
2017-10-21T17:41:12Z,y,2035,False
2017-10-21T17:44:43Z,n,11956,False
2017-10-21T17:48:23Z,n,95926,False
2017-10-21T17:52:03Z,n,96502,False
2017-10-21T17:55:35Z,y,2276,False
2017-10-21T17:58:15Z,y,1738,False
2017-10-21T18:00:57Z,y,1520,False
2017-10-21T18:04:44Z,n,518,False
2017-10-21T18:08:11Z,n,613,False
2017-10-21T18:33:54Z,y,1330,False
2017-10-21T18:37:18Z,y,108666,False
2017-10-21T18:39:00Z,y,1721,False
2017-10-21T18:40:05Z,y,1355,False
2017-10-21T18:41:57Z,y,10219,False
2017-10-21T18:45:20Z,y,10219,False
2017-10-21T18:46:44Z,y,116294,False
2017-10-22T16:35:19Z,y,518,False
2018-02-10T20:33:38Z,y,9688,False
2018-02-10T20:35:45Z,n,1487,False
2018-03-09T17:17:19Z,n,1417,False
2018-03-09T17:20:41Z,y,98513,False
2018-03-09T17:23:57Z,n,33040,False
2018-03-09T17:39:29Z,y,1417,False
2017-11-05T20:48:41Z,y,518,False
2017-11-05T20:51:40Z,n,136,False
2017-11-05T20:57:37Z,n,518,False
2017-11-05T20:58:30Z,y,9688,False
2017-11-04T18:36:58Z,y,518,False
2017-12-16T01:05:13Z,y,1227,False
2017-11-18T01:37:28Z,n,518,False
2017-11-18T01:38:29Z,n,521,False
2017-12-02T00:34:50Z,y,518,False
2017-12-02T00:37:01Z,y,3057,False
2017-12-02T00:48:52Z,y,518,False
2017-12-02T00:56:17Z,n,1633,False
2017-10-24T14:50:20Z,y,9688,False
2017-11-05T18:02:33Z,n,518,False
2017-11-05T18:06:06Z,n,518,False
2017-10-22T16:42:18Z,n,113688,False
2017-10-22T16:45:33Z,y,3057,False
2017-10-22T16:48:34Z,y,1629,False
2018-02-16T02:00:35Z,y,518,False
2018-02-16T02:02:53Z,n,518,False
2017-11-05T17:10:34Z,y,9688,False
2017-11-11T17:13:09Z,n,518,False
2018-02-17T18:54:32Z,y,106095,False
2018-02-17T18:55:04Z,n,1633,False
2018-02-17T18:55:41Z,y,1277,False
2018-02-17T18:58:56Z,y,3057,False
2018-02-17T19:03:10Z,y,1509,True
2018-02-17T19:05:02Z,y,109118,False
2018-02-17T19:07:58Z,n,1670,True
2018-02-10T18:53:20Z,n,518,False
2017-10-28T15:31:20Z,y,9688,False
2017-10-28T15:32:46Z,y,106354,False
2017-10-28T15:45:59Z,n,2806,False
2017-10-28T15:50:10Z,y,10361,False
2018-02-24T19:48:39Z,y,9688,False
2018-02-24T19:51:37Z,n,120500,False
2018-02-24T19:55:01Z,y,106095,False
2017-12-02T00:22:55Z,n,106354,False
2017-12-02T00:26:00Z,n,8776,False
2017-12-02T00:29:17Z,y,2421,False
2017-12-02T00:33:49Z,y,44,False
2017-12-02T00:36:47Z,n,1217,False
2017-12-02T00:38:18Z,y,109138,True
2017-12-02T00:41:00Z,y,113261,False
2017-12-02T00:43:15Z,y,1565,False
2017-12-02T00:47:41Z,y,6228,False
2017-12-02T00:50:33Z,y,136,False
2017-12-02T00:53:57Z,n,1427,False
2017-12-02T00:55:12Z,y,1555,False
2017-12-02T00:58:30Z,y,1503,False
2017-12-02T01:02:38Z,y,2806,False
2017-12-02T01:09:25Z,y,1520,False
2017-12-02T01:12:46Z,n,13190,False
2017-12-02T01:13:51Z,y,2276,False
2017-12-02T01:18:21Z,y,56603,False
2017-12-02T01:26:53Z,y,111576,False
2017-12-02T01:30:31Z,y,3057,False
2017-12-02T01:33:48Z,y,9688,False
2017-12-02T01:39:49Z,y,518,False
2018-03-10T19:24:10Z,y,9688,False
2018-02-16T02:08:04Z,y,9688,False
2018-03-03T19:02:15Z,n,9688,False
2018-03-03T19:06:17Z,y,3057,False
2018-03-03T19:07:37Z,y,49879,False
2018-03-03T19:10:29Z,n,63571,False
2017-11-26T20:00:25Z,n,31101,False
2017-11-26T20:00:25Z,y,116294,False
2017-11-26T20:07:41Z,y,56603,False
2017-11-04T15:21:33Z,n,1375,False
2017-10-21T16:02:37Z,n,518,False
2017-10-21T16:03:46Z,y,9688,False
2017-10-22T16:11:42Z,y,518,False
2017-10-22T16:13:21Z,y,1375,False
2017-10-22T16:22:08Z,y,49879,False
2017-11-17T01:26:16Z,n,9688,False
2017-11-17T01:29:14Z,y,1417,False
2017-11-04T00:16:53Z,n,9688,False
2017-11-04T00:19:41Z,y,6228,False
2017-11-04T00:22:43Z,y,1427,True
2017-12-31T19:16:03Z,y,518,False
2017-12-31T19:20:39Z,y,98513,False
2017-12-31T19:22:19Z,y,1274,False
2017-12-31T19:23:46Z,y,1325,False
2017-12-31T19:26:22Z,y,5033,False
2017-12-31T19:29:14Z,y,1639,False
2017-12-31T19:32:07Z,y,1274,False
2017-12-31T19:34:25Z,y,1274,False
2017-12-31T19:39:06Z,y,40979,False
2017-12-31T19:42:35Z,y,114549,False
2018-03-17T18:16:58Z,y,9688,False
2018-03-17T18:46:21Z,y,9688,False
2018-03-17T19:03:40Z,n,9688,False
2018-03-17T19:14:54Z,y,1429,False
2018-03-17T19:31:37Z,n,9688,False
2018-03-17T19:33:15Z,y,3057,False
2018-03-17T19:36:23Z,y,120500,False
2018-03-17T19:51:13Z,y,9688,False
2018-03-17T19:56:19Z,y,1487,False
2018-03-17T19:59:07Z,y,2505,False
2017-12-03T18:07:36Z,y,120500,False
2017-12-03T18:14:29Z,y,1427,True
2017-12-03T18:18:15Z,y,113688,True
2017-12-08T00:20:12Z,y,518,False
2017-12-08T00:22:23Z,y,106354,False
2017-12-08T00:27:01Z,n,120500,True
2017-12-08T00:27:54Z,y,100463,True
2018-03-16T00:37:34Z,n,9688,False
2018-03-16T00:41:26Z,y,113688,False
2018-03-16T00:51:45Z,n,103800,False
2018-03-16T00:54:41Z,y,136,False
2017-10-29T18:22:10Z,y,518,False
2017-12-30T16:25:09Z,y,9688,False
2017-12-17T18:04:25Z,y,1411,True
2017-12-17T18:05:05Z,y,1427,True
2017-11-03T23:08:42Z,y,518,False
2017-11-03T23:08:42Z,y,518,False
2017-11-03T23:27:34Z,n,518,False
2017-11-03T23:28:05Z,y,1375,False
2017-11-03T23:28:24Z,n,1375,False
2017-11-03T23:31:24Z,y,113688,False
2017-11-03T23:44:21Z,y,9688,False
2017-11-03T23:45:02Z,y,1375,False
2017-11-03T23:46:13Z,y,106354,True
2017-11-04T00:10:33Z,y,9688,False
2017-11-04T00:12:01Z,y,518,False
2017-12-03T20:08:08Z,y,518,False
2017-12-03T20:12:01Z,y,9688,False
2017-12-03T20:12:26Z,y,1375,False
2017-12-03T20:22:03Z,y,518,False
2017-12-23T17:42:29Z,y,518,False
2017-12-23T17:45:23Z,y,123223,False
2017-12-23T17:45:42Z,y,123223,False
2017-12-23T17:52:20Z,n,1655,False
2017-12-23T17:55:23Z,y,98513,False
2017-12-23T18:00:11Z,y,5033,False
2017-11-26T19:16:55Z,y,9688,False
2017-11-26T19:19:45Z,y,1487,False
2017-10-29T17:19:18Z,n,518,False
2018-03-24T17:38:14Z,y,2730,False
2018-03-24T17:39:49Z,y,1487,False
2018-03-24T17:42:36Z,y,113688,False
2018-03-24T17:57:05Z,y,114549,False
2018-03-24T18:15:51Z,y,1978,False
2018-03-24T19:34:23Z,n,9688,False
2018-03-24T19:35:43Z,y,113688,False
2018-03-24T19:48:38Z,y,9688,False
2017-11-04T00:17:56Z,n,125771,False
2017-11-04T00:20:45Z,y,1721,False
2017-11-04T00:22:50Z,y,40979,False
2017-11-04T00:29:10Z,n,1274,False
2017-11-04T00:31:59Z,y,2806,True
2017-11-04T00:36:48Z,y,8776,True
2017-11-04T00:40:02Z,y,452,False
2017-11-04T00:41:46Z,n,1727,True
2017-11-04T00:48:14Z,n,1427,True
2017-11-04T01:16:20Z,n,113688,False
2017-12-16T17:46:05Z,y,1503,False
2017-12-16T17:47:02Z,n,106095,False
2017-11-10T23:56:58Z,y,1375,False
2017-11-11T00:00:24Z,y,518,False
2017-11-17T00:26:29Z,n,1375,False
2017-11-17T00:29:05Z,n,1503,True
2017-11-17T00:32:01Z,y,3057,True
2017-10-22T17:03:26Z,y,106354,False
2017-10-22T17:11:13Z,y,121794,True
2017-10-22T17:13:30Z,y,2730,False
2017-10-22T17:25:59Z,y,9688,False
2017-10-22T17:27:30Z,y,106354,False
2017-10-22T17:29:22Z,n,10361,True
2017-10-22T17:30:32Z,n,1277,True
2017-12-16T20:04:17Z,y,9688,False
2017-12-16T20:07:21Z,y,106354,False
2017-12-16T20:10:14Z,y,106354,False
2017-12-16T20:12:29Z,y,613,False
2017-12-16T20:13:43Z,y,113688,False
2018-03-17T17:42:02Z,y,9688,False
2018-03-17T17:52:24Z,n,9688,False
2018-03-17T17:58:57Z,n,113688,False
2018-03-17T18:03:08Z,y,1503,False
2018-03-17T18:06:16Z,y,1655,False
2018-03-17T18:09:35Z,y,1520,False
2018-03-17T18:15:33Z,n,1503,False
2018-03-17T18:19:55Z,n,1427,False
2018-03-17T18:22:49Z,y,63571,False
2018-03-17T18:29:07Z,y,9688,False
2018-03-17T19:14:18Z,n,2505,False
2017-11-19T18:51:45Z,y,90349,False
2017-11-19T18:53:55Z,y,6228,False
2017-11-19T18:57:09Z,y,10436,False
2017-11-19T19:02:36Z,y,1721,False
2017-11-19T19:04:42Z,y,1670,False
2017-11-19T19:06:55Z,y,103800,False
2017-11-19T19:11:12Z,y,1738,False
2017-11-19T19:12:27Z,y,2276,False
2017-11-19T19:13:35Z,y,120729,False
2017-11-19T19:20:31Z,y,518,False
2017-11-19T19:23:14Z,y,521,False
2017-12-17T19:15:30Z,y,121770,False
2017-12-09T20:31:50Z,n,518,False
2017-12-09T20:40:40Z,n,518,False
2017-10-29T19:00:58Z,n,9688,False
2017-10-29T19:07:26Z,y,1226,False
2017-10-29T19:16:14Z,y,98954,False
2017-11-05T17:56:50Z,y,9688,False
2017-11-05T17:57:30Z,y,3057,False
2017-11-05T18:11:24Z,y,518,False
2017-11-05T18:12:45Z,y,9688,False
2017-11-05T18:20:31Z,n,518,False
2017-11-05T18:24:15Z,y,113688,False
2017-11-05T18:30:40Z,n,452,False
2017-11-05T18:31:16Z,y,120525,False
2017-11-05T18:35:46Z,y,2421,False
2017-11-05T18:40:21Z,n,5694,False
2017-12-30T16:25:21Z,y,518,False
2017-12-30T17:36:07Z,y,518,False
2017-12-30T17:51:20Z,y,1354,False
2017-12-30T18:06:51Z,y,103800,False
2017-12-30T18:09:09Z,y,120500,False
2017-12-30T18:12:35Z,y,10436,False
2017-12-30T18:17:15Z,y,120525,False
2017-12-30T18:23:37Z,y,120525,False
2017-12-30T18:37:03Z,y,518,False
2017-12-30T18:40:10Z,n,123223,False
2017-12-30T18:44:32Z,y,9688,False
2017-12-30T18:47:11Z,y,518,False
2017-12-30T18:48:40Z,y,9688,False
2017-12-30T19:12:53Z,n,113688,False
2017-12-30T19:12:54Z,n,113688,False
2017-12-30T19:15:07Z,n,2276,True
2017-12-30T19:21:18Z,y,103800,False
2017-12-30T19:24:53Z,y,2505,False
2017-12-30T19:25:39Z,n,2505,False
2017-12-30T19:28:43Z,y,4441,False
2017-12-30T19:46:03Z,n,518,False
2017-12-16T01:01:11Z,y,98274,False
2017-12-16T01:20:39Z,n,1503,False
2017-12-16T01:24:54Z,n,13190,False
2018-02-21T19:19:51Z,n,518,False
2018-02-21T19:29:14Z,n,2806,False
2018-02-21T19:32:10Z,n,10361,False
2018-02-21T19:33:39Z,y,1633,True
2017-12-15T00:19:04Z,y,136,False
2017-12-15T00:21:35Z,y,121719,False
2017-12-15T00:26:46Z,y,63571,False
2018-03-17T18:04:09Z,y,9688,False
2018-03-17T18:07:07Z,n,121719,False
2018-03-17T18:09:08Z,n,10219,False
2018-03-17T18:10:11Z,n,1670,False
2018-03-17T18:13:17Z,y,10436,False
2018-03-17T18:18:57Z,y,121719,False
2018-03-17T18:21:16Z,n,1738,False
2018-03-17T18:23:02Z,y,2035,False
2018-03-17T18:26:16Z,y,63571,False
2018-03-17T18:34:16Z,y,5995,False
2017-12-08T00:23:53Z,y,9688,False
2017-12-08T00:26:03Z,n,6228,False
2017-12-03T17:36:16Z,y,613,False
2017-12-03T17:39:31Z,n,113688,False
2017-12-16T00:55:43Z,y,1633,False
2017-12-03T19:19:27Z,y,1375,False
2017-11-25T00:18:14Z,y,2507,False
2017-11-25T00:23:35Z,y,1427,True
2017-11-25T00:25:07Z,y,113688,True
2017-11-25T00:27:00Z,y,114549,True
2017-11-25T00:27:48Z,n,2241,True
2017-11-25T00:29:25Z,y,109118,True
2017-11-25T00:30:17Z,y,613,False
2018-02-10T18:50:18Z,y,518,False
2018-02-10T18:52:51Z,y,123223,False
2018-02-10T18:54:52Z,y,1330,True
2018-02-10T18:58:10Z,n,10361,False
2018-02-10T19:01:54Z,n,6228,False
2018-02-10T19:05:38Z,y,420,False
2017-11-04T17:45:25Z,y,9688,False
2017-11-04T17:49:27Z,y,802,False
2017-12-03T20:15:54Z,y,9688,False
2017-12-03T20:21:30Z,y,1503,False
2017-12-03T20:30:51Z,y,1520,False
2017-12-03T18:39:21Z,y,518,False
2018-03-11T17:46:43Z,y,9688,False
2018-03-11T17:50:11Z,y,1227,False
2018-03-11T17:55:06Z,y,98269,False
2018-03-11T17:55:56Z,n,1978,True
2017-10-21T19:48:01Z,y,9688,False
2017-10-21T19:50:10Z,y,518,False
2017-10-21T19:53:00Z,n,123223,False
2017-10-21T19:54:51Z,y,120510,False
2017-10-21T19:57:51Z,n,99623,False
2017-10-21T20:00:27Z,n,1503,True
2017-10-21T20:02:02Z,n,1633,False
2017-10-21T20:03:05Z,y,106095,False
2017-10-21T20:03:39Z,y,103800,False
2017-11-17T00:15:38Z,y,518,False
2017-11-17T00:33:48Z,y,1375,False
2017-11-17T00:35:53Z,y,2421,False
2018-03-11T17:29:12Z,y,3057,False
2018-03-11T17:31:15Z,y,99368,False
2017-11-19T19:44:58Z,y,518,False
2017-11-19T19:47:30Z,y,518,False
2017-11-19T19:49:49Z,n,123223,False
2017-11-19T19:56:18Z,y,1655,False
2017-11-19T19:58:35Z,y,802,False
2017-11-19T20:07:13Z,y,1509,False
2017-11-19T20:17:02Z,n,96502,False
2017-11-24T23:59:37Z,y,1721,False
2017-11-25T00:04:37Z,y,10219,False
2017-11-25T00:05:41Z,y,33040,False
2017-11-25T00:15:07Z,n,63571,True
2017-10-29T17:15:20Z,y,4441,False
2017-10-28T15:27:10Z,y,1629,False
2017-10-28T15:44:32Z,y,1274,False
2017-10-28T15:45:56Z,y,1411,True
2017-10-28T15:46:57Z,n,1887,False
2017-10-28T15:59:41Z,y,518,False
2017-10-28T16:07:38Z,y,1427,True
2017-10-28T16:10:23Z,y,114549,False
2017-10-28T16:20:10Z,y,1274,False
2017-10-28T16:26:37Z,y,106354,False
2017-12-16T18:50:23Z,y,518,False
2017-12-16T18:54:41Z,y,4398,False
2017-12-16T18:55:53Z,y,98274,True
2017-12-16T18:58:17Z,y,518,False
2017-12-16T19:15:25Z,y,521,False
2017-12-16T19:17:03Z,y,2245,False
2017-11-25T00:00:05Z,y,1375,False
2017-11-25T00:03:27Z,y,1417,False
2017-11-25T00:07:35Z,y,3057,False
2017-10-21T17:17:50Z,y,1356,False
2017-10-21T17:20:46Z,y,106095,False
2017-10-21T17:25:31Z,y,121770,False
2017-10-24T14:44:34Z,y,1978,False
2018-03-03T18:43:39Z,n,518,False
2018-03-03T19:19:45Z,n,9688,False
2017-11-04T18:19:58Z,n,123223,False
2017-11-04T18:22:49Z,y,120500,False
2017-11-04T18:30:57Z,y,1429,False
2017-11-04T18:53:21Z,y,10361,False
2017-11-04T18:56:35Z,n,136,False
2017-10-21T18:42:45Z,n,9688,False
2017-11-04T17:42:43Z,y,1375,False
2017-11-04T17:43:29Z,y,9688,False
2017-11-04T17:44:23Z,y,518,False
2017-11-04T17:50:49Z,n,1402,False
2017-11-04T18:17:10Z,y,106354,False
2017-11-04T18:20:07Z,n,123223,False
2017-11-04T18:23:04Z,y,120500,False
2017-11-04T18:24:06Z,y,120500,False
2018-03-23T19:15:11Z,y,1226,False
2018-03-23T19:17:57Z,y,103800,False
2018-03-23T19:36:50Z,y,120525,False
2018-03-11T18:20:05Z,y,9688,False
2018-03-11T18:22:59Z,n,1411,False
2018-03-11T18:25:48Z,y,1325,False
2018-03-11T18:31:04Z,y,1354,False
2018-03-11T18:34:20Z,y,9688,False
2017-10-21T18:53:59Z,y,106354,False
2017-10-21T18:56:08Z,y,10436,False
2017-10-28T00:13:18Z,y,518,True
2017-10-28T00:15:30Z,y,56603,False
2017-11-18T16:02:17Z,y,518,False
2017-11-18T16:05:27Z,y,9688,False
2017-12-03T19:13:20Z,n,518,False
2018-03-31T19:14:47Z,n,111675,False
2018-03-11T18:38:00Z,y,9688,False
2018-03-11T18:42:25Z,n,53,False
2018-03-11T18:44:31Z,y,1487,False
2018-03-11T18:53:43Z,y,98513,False
2018-03-11T18:54:41Z,y,2241,False
2018-03-11T18:55:37Z,n,1427,False
2018-03-11T18:58:31Z,y,802,False
2018-03-11T18:59:51Z,y,1520,False
2017-11-25T17:08:49Z,y,518,False
2017-11-25T17:13:58Z,y,1427,True
2017-11-25T18:51:36Z,y,1375,False
2017-11-25T18:54:03Z,n,113688,False
2017-11-25T19:00:24Z,y,1427,True
2017-11-25T19:01:04Z,y,114549,True
2017-11-25T19:07:01Z,n,518,False
2017-11-25T19:09:09Z,n,1487,True
2017-11-25T19:10:12Z,n,3057,False
2017-11-25T19:12:08Z,y,106354,False
2017-11-25T19:14:58Z,n,613,False
2017-11-25T19:17:23Z,y,1689,False
2017-11-25T19:19:49Z,n,11956,False
2017-11-25T19:22:25Z,n,427,False
2017-11-25T19:25:13Z,n,8776,False
2017-11-25T19:28:18Z,n,109118,False
2017-10-27T22:53:36Z,y,518,False
2018-03-24T18:16:31Z,n,113688,False
2018-03-24T18:38:14Z,y,109118,False
2017-10-28T18:53:18Z,y,22277,False
2017-10-28T18:56:40Z,y,109318,False
2017-10-28T18:59:33Z,y,45,False
2018-03-16T00:06:53Z,y,420,False
2018-04-13T20:16:22Z,n,1325,False
2018-04-13T20:25:08Z,n,1978,False
2018-03-11T18:49:31Z,y,9688,False
2018-03-11T18:56:05Z,n,80860,False
2018-03-11T18:56:10Z,n,80860,False
2018-03-11T18:59:22Z,y,1520,False
2017-12-08T01:14:56Z,y,98954,False
2017-12-08T01:21:41Z,y,96502,False
2017-12-08T01:21:42Z,y,96502,False
2017-12-08T01:24:40Z,y,613,False
2018-03-10T19:00:32Z,y,9688,False
2018-03-10T19:05:41Z,n,123223,False
2018-03-10T19:19:39Z,y,1670,False
2017-12-03T20:18:02Z,y,518,False
2017-12-03T20:22:10Z,y,106354,False
2017-12-03T20:25:14Z,y,90349,False
2017-12-03T20:28:03Z,y,47086,False
2017-12-03T20:43:08Z,y,1417,False
2017-12-03T20:45:52Z,y,2035,False
2017-12-03T20:55:54Z,y,427,False
2017-12-03T21:04:43Z,y,125771,False
2017-12-03T21:08:07Z,y,111576,False
2017-12-03T21:10:09Z,y,95926,False
2017-12-03T21:11:06Z,y,1857,False
2017-12-03T21:14:11Z,y,1354,False
2017-12-03T21:16:49Z,y,1670,False
2017-12-03T21:25:01Z,y,13190,False
2017-12-03T21:25:54Z,y,30758,False
2017-12-03T21:29:00Z,y,11956,False
2017-12-16T19:00:19Z,n,1633,False
2017-10-27T23:18:00Z,y,518,False
2017-10-27T23:39:04Z,y,9688,False
2017-11-19T18:49:37Z,y,9688,False
2017-11-19T18:59:56Z,y,136,False
2017-11-19T19:05:23Z,n,2730,False
2017-11-19T19:09:16Z,n,521,False
2017-11-18T19:01:54Z,n,136,False
2017-11-18T19:04:36Z,y,1639,True
2017-11-18T19:06:16Z,y,2806,True
2017-11-18T19:09:57Z,y,125888,True
2017-11-18T19:10:40Z,y,95926,False
2017-11-18T19:30:18Z,y,9688,False
2017-11-18T19:31:05Z,y,518,False
2017-11-18T19:35:25Z,y,1277,False
2017-11-18T19:37:21Z,n,99623,False
2017-11-18T19:45:08Z,y,99623,False
2017-11-18T19:48:42Z,n,2276,False
2017-11-18T19:51:40Z,y,1639,False
2017-11-18T19:52:46Z,y,98513,False
2017-11-18T19:55:54Z,y,1325,False
2017-11-25T20:24:25Z,y,9688,False
2017-11-25T20:30:43Z,y,3057,False
2017-11-25T20:32:30Z,y,22277,True
2017-11-25T20:34:31Z,n,2507,False
2017-11-25T20:36:41Z,n,90349,False
2017-11-25T20:39:31Z,y,2730,False
2017-11-25T20:42:58Z,y,51935,False
2017-11-25T20:46:57Z,y,52346,False
2017-11-25T21:00:31Z,y,118808,False
2017-11-25T21:01:37Z,n,98954,False
2018-01-14T17:58:42Z,y,518,False
2018-01-14T18:13:46Z,y,518,False
2018-01-14T18:49:34Z,y,518,False
2018-01-14T18:52:57Z,y,98750,False
2018-01-14T18:58:26Z,y,1354,True
2018-01-14T19:33:56Z,y,518,False
2018-01-14T19:35:57Z,y,9688,False
2018-01-14T19:36:50Z,y,3057,False
2018-01-14T19:39:51Z,y,8776,False
2017-11-04T17:05:21Z,y,123223,False
2017-10-28T18:07:04Z,n,518,False
2017-12-09T01:08:09Z,y,113688,False
2017-12-09T01:11:30Z,y,103800,False
2017-12-09T01:12:49Z,y,100463,False
2018-02-10T20:42:33Z,y,9688,False
2018-02-10T20:46:18Z,y,106354,False
2018-03-11T17:35:37Z,y,9688,False
2017-11-18T18:40:31Z,y,518,False
2018-02-24T20:24:57Z,y,518,False
2017-10-27T01:30:25Z,n,113688,False
2017-10-27T01:36:40Z,n,1629,False
2017-10-27T01:40:12Z,n,106354,False
2017-11-11T00:47:22Z,n,521,False
2017-11-11T00:00:57Z,y,1375,False
2017-11-11T00:04:09Z,y,1520,False
2017-11-11T00:46:51Z,y,518,False
2017-12-09T18:48:04Z,y,120525,False
2017-12-09T18:50:22Z,n,49879,True
2017-12-09T18:52:05Z,y,427,False
2017-12-09T18:56:12Z,y,98750,False
2017-10-21T18:04:31Z,n,9688,False
2017-10-21T18:09:46Z,y,3057,False
2017-10-22T18:46:37Z,y,1978,False
2017-10-22T18:53:06Z,y,120729,False
2017-10-22T18:55:45Z,y,1721,False
2017-10-22T18:57:12Z,n,1639,True
2017-10-22T18:59:40Z,y,420,True
2017-10-22T19:02:06Z,y,6228,False
2017-10-22T19:05:29Z,y,120525,False
2017-10-22T19:06:53Z,n,44,False
2017-12-31T19:27:55Z,n,113688,False
2017-12-31T19:27:55Z,y,613,False
2017-12-31T19:32:33Z,n,123223,False
2017-12-31T19:40:05Z,n,90349,False
2017-11-25T18:19:52Z,n,518,False
2017-11-25T19:22:08Z,y,518,False
2017-11-25T19:22:09Z,y,518,False
2017-11-25T19:25:46Z,n,113688,False
2018-03-15T23:24:23Z,n,1375,False
2018-03-15T23:26:21Z,n,90349,False
2018-03-15T23:27:12Z,n,3057,False
2018-03-15T23:56:51Z,n,1375,False
2018-03-16T00:06:04Z,y,1417,False
2018-03-03T19:18:12Z,y,9688,False
2018-03-03T19:26:51Z,n,90349,False
2018-03-03T19:29:05Z,y,19689,False
2018-03-03T19:42:29Z,y,518,False
2018-02-24T19:40:15Z,y,9688,False
2018-02-24T19:43:12Z,y,518,False
2018-02-24T19:44:12Z,y,518,False
2018-02-24T19:47:50Z,y,9688,False
2018-02-24T19:50:03Z,y,121770,False
2018-02-24T19:50:38Z,y,136,True
2018-02-24T19:54:52Z,y,106095,False
2018-02-24T20:14:49Z,y,9688,False
2018-02-24T20:18:33Z,n,5995,False
2018-02-24T20:21:16Z,n,3057,False
2018-02-24T20:23:27Z,y,1487,True
2018-02-24T20:26:14Z,n,521,False
2017-10-29T16:16:58Z,y,518,True
2017-12-15T01:02:14Z,y,1375,False
2017-12-09T19:38:45Z,y,518,False
2017-12-09T20:11:40Z,y,4398,False
2017-11-17T00:17:00Z,n,120729,False
2017-11-17T00:20:15Z,y,1655,False
2017-11-26T18:18:21Z,n,9688,False
2017-11-26T18:19:07Z,n,1375,False
2017-11-26T18:21:55Z,y,10593,False
2017-11-26T18:25:10Z,n,1978,False
2017-12-16T19:27:42Z,y,518,False
2017-12-16T20:02:59Z,n,106095,False
2017-12-16T20:06:24Z,n,1427,True
2017-12-16T20:07:27Z,n,98513,False
2017-12-16T20:27:40Z,y,518,False
2017-12-16T20:31:01Z,n,8776,False
2017-12-16T20:36:52Z,y,10593,False
2017-12-16T20:43:18Z,y,1226,True
2018-03-09T17:05:02Z,y,3057,False
2018-03-09T17:22:00Z,y,1274,False
2018-03-09T17:38:26Z,y,1427,False
2017-11-04T17:46:44Z,n,2730,False
2018-01-14T17:50:46Z,n,518,False
2018-01-14T18:42:47Z,n,518,False
2017-10-27T00:29:46Z,y,9688,False
2017-10-22T18:24:28Z,y,2241,True
2017-10-22T18:25:16Z,y,114549,True
2017-10-22T18:27:55Z,y,125888,False
2017-10-22T18:28:41Z,y,111576,False
2017-10-22T18:32:20Z,y,2241,False
2017-10-22T18:33:00Z,n,1354,False
2017-10-22T18:34:59Z,y,121684,False
2017-10-22T18:38:00Z,y,96502,False
2017-11-18T16:47:37Z,y,518,False
2017-11-18T16:56:13Z,y,518,False
2017-11-18T00:01:04Z,n,9688,False
2017-11-18T00:02:09Z,y,518,False
2017-11-18T01:33:52Z,y,9688,False
2017-11-18T01:34:50Z,n,518,False
2017-11-18T01:37:55Z,y,3057,False
2017-11-18T01:50:07Z,y,1274,False
2017-11-18T01:50:54Z,y,1639,False
2017-11-18T01:54:07Z,y,1417,False
2017-11-18T01:55:34Z,y,1633,False
2017-11-18T01:58:30Z,y,774,False
2017-11-18T01:59:04Z,n,10436,False
2017-11-10T00:07:00Z,y,1375,False
2018-02-16T00:51:45Z,y,9688,False
2017-12-09T00:24:08Z,y,1375,False
2017-12-09T00:25:11Z,n,9688,False
2017-12-09T00:26:48Z,y,518,False
2017-12-03T20:15:45Z,n,1375,False
2017-12-03T20:20:46Z,n,1427,True
2017-12-03T20:22:53Z,y,1354,False
2017-12-03T20:24:08Z,y,40979,False
2017-10-22T18:50:24Z,n,518,False
2017-12-22T00:07:53Z,y,518,False
2017-12-22T00:15:29Z,y,518,False
2017-12-22T00:43:31Z,y,518,False
2017-12-22T00:45:41Z,n,113688,False
2017-12-22T00:47:50Z,n,613,False
2017-12-22T00:49:26Z,n,136,False
2017-12-22T00:51:11Z,n,123223,False
2017-12-22T01:01:06Z,y,121770,False
2017-12-22T01:05:19Z,n,120500,False
2017-12-22T01:07:05Z,n,121719,False
2017-12-22T01:08:53Z,y,121920,False
2017-12-22T01:09:56Z,n,1633,False
2017-12-22T01:12:02Z,n,1277,False
2017-12-22T01:14:12Z,y,106095,False
2017-12-03T18:20:27Z,y,56603,False
2018-03-11T17:40:46Z,y,9688,False
2017-12-16T00:57:12Z,n,2245,False
2017-12-16T01:00:07Z,y,109318,False
2017-12-16T01:20:12Z,y,106095,False
2017-12-16T01:24:56Z,n,100463,False
2017-11-25T17:13:58Z,y,518,True
2017-11-25T18:06:50Z,y,518,False
2017-11-25T18:34:57Z,n,1411,True
2017-11-25T18:36:28Z,n,1354,True
2017-11-25T18:39:54Z,y,120729,True
2017-11-25T18:49:34Z,y,2570,True
2017-11-25T18:55:18Z,n,80860,True
2017-11-25T19:00:51Z,n,1689,True
2017-11-18T19:31:03Z,y,518,False
2017-11-18T19:39:06Z,y,1639,False
2017-11-18T19:40:33Z,y,2241,True
2017-11-18T19:44:15Z,n,1633,False
2017-11-18T19:46:55Z,y,2276,False
2017-11-18T19:49:17Z,y,1633,False
2017-11-18T19:51:20Z,y,106095,False
2017-11-18T19:51:49Z,y,1639,False
2017-11-18T19:54:11Z,y,2241,False
2017-11-18T19:56:39Z,y,1427,True
2017-11-18T19:57:48Z,y,12776,False
2017-11-18T20:00:44Z,y,518,False
2017-10-29T18:37:43Z,y,518,False
2017-11-11T00:42:41Z,y,518,False
2017-11-11T01:17:33Z,y,1721,False
2017-12-31T19:16:03Z,y,518,False
2017-12-31T19:20:41Z,y,98513,False
2017-12-31T19:22:30Z,y,1274,False
2017-12-31T19:23:51Z,y,10219,False
2017-12-31T19:24:25Z,y,1325,False
2017-12-31T19:41:26Z,y,9688,False
2017-12-31T19:42:41Z,y,521,False
2017-12-31T19:45:47Z,y,121770,False
2017-12-31T19:47:25Z,y,2035,True
2017-12-31T19:49:45Z,n,98750,True
2017-11-25T19:20:12Z,n,518,False
2017-11-25T19:23:00Z,y,106354,False
2017-11-25T19:26:00Z,y,125771,False
2017-11-25T19:28:51Z,y,1857,False
2017-11-25T19:34:32Z,y,1429,False
2017-11-25T19:35:37Z,n,1356,False
2017-11-25T19:39:40Z,y,33040,False
2018-03-24T17:39:49Z,y,113688,False
2018-03-24T17:42:12Z,n,1503,False
2018-03-24T17:44:33Z,y,33040,False
2017-10-28T17:57:18Z,y,1375,False
2017-10-28T18:00:06Z,y,3057,False
2017-10-21T16:38:17Z,y,9688,False
2017-10-21T16:41:27Z,n,113688,False
2017-10-21T16:47:46Z,n,136,False
2017-10-21T16:54:52Z,y,20962,False
2017-10-21T17:02:55Z,y,27402,False
2017-10-21T17:03:49Z,y,95926,False
2017-10-21T17:05:03Z,y,111576,False
2017-10-21T17:07:17Z,y,1330,False
2017-10-21T17:09:25Z,y,1355,True
